year,lat,lng,sz
2013,-0.4636681,0.3227043,0.05322153
2013,0.003406722,0.2317508,0.04083659
2013,-0.4679277,0.2944631,0.038022
2013,0.02497899,-0.3141679,0.02105559
2013,-0.01294243,0.7945664,0.01645521
2013,0.5692562,-0.1808654,0.0144538
2013,0.6280639,1,0.01194727,0
2013,-0.5504062,-0.614043,0.007942508
2013,0.1550861,-0.5199497,0.004733646
2013,-0.1948224,-0.6394884,0.003371928
2013,0.2041336,-0.2754867,0.003246598
2013,0.2629444,-0.3570343,0.002573373
2013,-0.1441846,-0.6971639,0.002359848
2013,0.2384222,-0.3821258,0.001753305
2013,0.2549491,-0.3181021,0.001592273
2013,-0.1064909,-0.7639006,0.001458968
2013,0.02497899,-0.3141679,0.001426966
2013,-0.1980031,-0.6171849,0.001382867
2013,-0.1482727,-0.5504414,0.03148071
2013,-0.4207543,-0.3225281,0.02554255
2013,0.0774316,-0.2199001,0.01892516
2013,-0.4636681,0.3227043,0.01409852
2013,-0.4128059,-0.35023,0.01280969
2013,0.003406722,0.2317508,0.01142387
2013,0.1550861,-0.5199497,0.007546355
2013,0.5692562,-0.1808654,0.006816453
2013,-0.1775627,-0.538251,0.0009648372
2013,-0.212079,0.3254938,0.000927396
2013,-0.1391892,-0.5696155,0.0008991126
2013,0.2302492,-0.2829777,0.0008942583
2013,0.2899362,-0.4624676,0.000827195
2013,0.1841111,-0.3547828,0.0008191845
2013,0.2229805,-0.3099806,0.0008155145
2013,0.2057208,-0.3326343,0.0007450031
2013,0.1791156,-0.3914899,0.0007149947
2013,-0.220252,0.3254938,0.0006393298
2013,-0.1752926,-0.5342435,0.0006049568
2013,0.1464017,-0.3591182,0.0005571321
2013,0.02497899,-0.3141679,0.0004944606
2013,-0.1092848,-0.2607894,0.0004220286
2013,0.2229805,-0.3099806,0.1313372
2013,0.2261611,-0.2904666,0.1301983
2013,0.2186648,-0.3000503,0.1097518
2013,-0.1482727,-0.550448,0.1085731
2013,-0.1391892,-0.5696155,0.1064246
2013,-0.1775627,-0.538251,0.1050101
2013,0.2041336,-0.2754867,0.098395
2013,-0.1957298,-0.4795297,0.09586037
2013,-0.02724598,-0.6417449,0.09183869
2013,0.2302492,-0.2829777,0.09164009
2013,-0.1609859,-0.6349526,0.09082731
2013,0.2234358,-0.4335202,0.08964571
2013,-0.212079,0.3254938,0.08786007
2013,-0.1800605,-0.5961009,0.08638226
2013,-0.1530406,-0.5882596,0.08520269
2013,0.0774316,-0.2199001,0.08512267
2013,-0.5420056,0.05628602,0.08262495
2013,-0.03224147,-0.1367846,0.08131295
2013,-0.9974992,0.3964109,0.07976895
2013,-0.4207543,-0.3225281,0.07966988
2013,-0.158036,-0.5387667,0.07951397
2013,-0.1441846,-0.6971639,0.0788473
2013,-0.1980031,-0.6171849,0.0762301
2013,-0.5220236,0.08381382,0.0758098
2013,0.1841111,-0.3547828,0.07442985
2013,-0.05608384,-0.6138689,0.07370875
2013,0.9071314,0.7776679,0.07364614
2013,0.2163947,-0.2723484,0.07317305
2013,-0.001816399,-0.1341674,0.07265876
2013,-0.1064909,-0.7639006,0.07218435
2013,-0.1752926,-0.5342435,0.0719877
2013,0.2549491,-0.3181021,0.07069281
2013,-0.02474824,-0.6586521,0.06831162
2013,0.2899362,-0.4624676,0.06692939
2013,0.2057208,-0.3326343,0.06487954
2013,0.1036096,-0.09887245,0.06332519
2013,0.1791156,-0.3914899,0.06200748
2013,-0.004993927,-0.1322557,0.06163309
2013,-0.4128059,-0.35023,0.06152077
2013,-0.2515034,-0.395792,0.0614534
2013,-0.220252,0.3254938,0.05844358
2013,0.1464017,-0.3591182,0.05837528
2013,0.2629444,-0.3570343,0.0567554
2013,0.2792935,-0.3277608,0.05659819
2013,-1,0.4000736,0.05588487
2013,-0.2622615,-0.5572388,0.05437274
2013,0.2211625,-0.3422179,0.05434021
2013,0.2293387,-0.2479505,0.05251823
2013,-0.5728859,0.03397567,0.0516892
2013,-0.3723867,-0.5176899,0.05149084
2013,-0.48138,-0.1193531,0.051237
2013,0.2384222,-0.3821258,0.05080191
2013,0.1741607,-0.2197243,0.0504499
2013,0.1218203,-0.06477877,0.04757335
2013,-0.1092848,-0.2607894,0.0468649
2013,-0.6646226,-0.9972084,0.04673865
2013,-0.5504062,-0.614043,0.04656637
2013,-0.8076738,0.441544,0.04563171
2013,-0.4636681,0.3227043,0.0428794
2013,-0.3864626,-0.8921444,0.04225589
2013,-0.9852381,0.3406586,0.04144315
2013,0.02497899,-0.3141679,0.04109105
2013,0.003406722,0.2317508,0.04069057
2013,0.1550861,-0.5199497,0.03929446
2013,-0.01294243,0.7945664,0.03480541
2013,0.5692562,-0.1808654,0.03291555
2013,0.278068,0.1756279,0.03203059
2013,0.2295663,0.6677131,0.03082478
2013,1,0.5886087,0.02974009
2013,0.9307461,0.7964849,0.02869107
2013,0.4468699,0.4258656,0.02814968
2013,0.6280639,1,0.02688854
2013,0.660968,0.1469868,0.02533931
2013,0.2186648,-0.3000503,0.0774016
2013,-0.1482727,-0.550448,0.0766783
2013,-0.1957298,-0.4795297,0.06440715
2013,-0.1775627,-0.538251,0.06303197
2013,-0.1391892,-0.5696155,0.06037367
2013,0.0774316,-0.2199001,0.0603082
2013,-0.1609859,-0.6349526,0.05662408
2013,-0.212079,0.3254938,0.05432946
2013,0.9071314,0.7776679,0.05327711
2013,0.2041336,-0.2754867,0.0525954
2013,0.2234358,-0.4335202,0.04824009
2013,-0.4207543,-0.3225281,0.04823346
2013,-0.02724598,-0.6417449,0.04813087
2013,0.2302492,-0.2829777,0.0479979
2013,-0.9974992,0.3964109,0.04519425
2013,-0.5420056,0.05628602,0.04380352
2013,-0.03224147,-0.1367846,0.04368046
2013,-0.5220236,0.08381382,0.0382154
2013,-0.1800605,-0.5961009,0.03368757
2013,-0.1064909,-0.7639006,0.03121233
2013,-0.001816399,-0.1341674,0.03062766
2013,0.1036096,-0.09887245,0.02865809
2013,-0.1441846,-0.6971639,0.02761294
2013,0.2549491,-0.3181021,0.02591154
2013,0.1841111,-0.3547828,0.02580526
2013,-0.1980031,-0.6171849,0.02512998
2013,0.2629444,-0.3570343,0.02286626
2013,-0.05608384,-0.6138689,0.02282688
2013,-0.158036,-0.5387667,0.02217063
2013,-0.1752926,-0.5342435,0.01851714
2013,-0.02474824,-0.6586521,0.01778949
2013,-0.2515034,-0.395792,0.01703642
2013,-0.4128059,-0.35023,0.01646094
2013,0.1464017,-0.3591182,0.01579587
2013,0.2163947,-0.2723484,0.01577035
2013,0.1791156,-0.3914899,0.01495632
2013,-0.004993927,-0.1322557,0.01463572
2013,-1,0.4000736,0.0134542
2013,-0.5728859,0.03397567,0.0134057
2013,-0.2622615,-0.5572388,0.01326841
2013,0.2792935,-0.3277608,0.01324051
2013,-0.8076738,0.441544,0.01280815
2013,-0.3723867,-0.5176899,0.01279216
2013,0.1741607,-0.2197243,0.01224085
2013,-0.220252,0.3254938,0.01221944
2013,0.2057208,-0.3326343,0.0121229
2013,0.2384222,-0.3821258,0.011891
2013,-0.6646226,-0.9972084,0.01166629
2013,-0.48138,-0.1193531,0.01083407
2013,0.1218203,-0.06477877,0.01052553
2013,-0.1092848,-0.2607894,0.01002842
2013,0.2293387,-0.2479505,0.009795369
2013,-0.9852381,0.3406586,0.009693177
2013,-0.5504062,-0.614043,0.009239909
2013,-0.4636681,0.3227043,0.009017616
2013,0.003406722,0.2317508,0.008522774
2013,0.1550861,-0.5199497,0.007831061
2013,-0.3864626,-0.8921444,0.007697016
2013,0.02497899,-0.3141679,0.007364358
2013,0.278068,0.1756279,0.006098649
2013,0.5692562,-0.1808654,0.005716811
2013,0.2295663,0.6677131,0.005094258
2013,-0.01294243,0.7945664,0.004929113
2013,1,0.5886087,0.00411378
2013,0.4468699,0.4258656,0.004098304
2013,0.9307461,0.7964849,0.003220041
2013,0.6280639,1,0.003177226
2013,0.660968,0.1469868,0.002912029
2013,0.2261611,-0.2904666,0.3009097
2013,0.2229805,-0.3099806,0.2980304
2013,0.2186648,-0.3000503,0.2280964
2013,-0.1482727,-0.550448,0.2259631
2013,-0.1775627,-0.538251,0.2015456
2013,-0.1391892,-0.5696155,0.1988814
2013,-0.1957298,-0.4795297,0.194492
2013,0.2041336,-0.2754867,0.1788358
2013,0.0774316,-0.2199001,0.1770877
2013,-0.1609859,-0.6349526,0.1768431
2013,-0.212079,0.3254938,0.1701118
2013,0.2302492,-0.2829777,0.1652013
2013,-0.02724598,-0.6417449,0.1651675
2013,0.2234358,-0.4335202,0.1631937
2013,0.9071314,0.7776679,0.1531967
2013,-0.4207543,-0.3225281,0.1528613
2013,-0.5420056,0.05628602,0.149237
2013,-0.9974992,0.3964109,0.1484098
2013,-0.03224147,-0.1367846,0.1477275
2013,-0.1800605,-0.5961009,0.1380448
2013,-0.5220236,0.08381382,0.1339
2013,-0.1530406,-0.5882596,0.1314318
2013,-0.1441846,-0.6971639,0.1212162
2013,-0.1064909,-0.7639006,0.1202531
2013,-0.001816399,-0.1341674,0.1192213
2013,-0.1980031,-0.6171849,0.1147995
2013,0.1841111,-0.3547828,0.1139364
2013,-0.158036,-0.5387667,0.113114
2013,0.2549491,-0.3181021,0.110361
2013,0.1036096,-0.09887245,0.1091364
2013,-0.05608384,-0.6138689,0.1083314
2013,0.2899362,-0.4624676,0.1030421
2013,-0.1752926,-0.5342435,0.1004366
2013,0.2163947,-0.2723484,0.09734625
2013,-0.02474824,-0.6586521,0.09506096
2013,0.2629444,-0.3570343,0.09177066
2013,-0.2515034,-0.395792,0.08716702
2013,-0.4128059,-0.35023,0.08646485
2013,0.1791156,-0.3914899,0.08484922
2013,0.2057208,-0.3326343,0.08347977
2013,0.1464017,-0.3591182,0.08258753
2013,0.2792935,-0.3277608,0.07690644
2013,-0.220252,0.3254938,0.0769047
2013,-1,0.4000736,0.07638957
2013,-0.2622615,-0.5572388,0.07450848
2013,-0.5728859,0.03397567,0.07354713
2013,0.2211625,-0.3422179,0.07278092
2013,-0.3723867,-0.5176899,0.07222323
2013,0.1741607,-0.2197243,0.06923105
2013,0.2384222,-0.3821258,0.06903747
2013,-0.48138,-0.1193531,0.06767475
2013,0.2293387,-0.2479505,0.06756206
2013,-0.8076738,0.441544,0.06505533
2013,0.1218203,-0.06477877,0.0648582
2013,-0.6646226,-0.9972084,0.06417926
2013,-0.1092848,-0.2607894,0.06210769
2013,-0.5504062,-0.614043,0.06036264
2013,-0.4636681,0.3227043,0.05651789
2013,-0.9852381,0.3406586,0.05619854
2013,-0.3864626,-0.8921444,0.05397432
2013,0.003406722,0.2317508,0.05359525
2013,0.02497899,-0.3141679,0.05222384
2013,0.1550861,-0.5199497,0.05115347
2013,-0.01294243,0.7945664,0.04224308
2013,0.5692562,-0.1808654,0.04157029
2013,0.278068,0.1756279,0.041101
2013,0.2295663,0.6677131,0.03852468
2013,1,0.5886087,0.03595463
2013,0.4468699,0.4258656,0.03431537
2013,0.9307461,0.7964849,0.03359502
2013,0.6280639,1,0.03169949
2013,0.660968,0.1469868,0.02975488
2013,1,0.5886087,0.1326245
2013,0.660968,0.1469868,0.1289795
2013,0.5692562,-0.1808654,0.127277
2013,0.1550861,-0.5199497,0.1269545
2013,0.9307461,0.7964849,0.1253421
2013,-0.3864626,-0.8921444,0.1248365
2013,0.4468699,0.4258656,0.1227452
2013,0.6280639,1,0.1213056
2013,0.2295663,0.6677131,0.1202878
2013,0.278068,0.1756279,0.1174813
2013,0.2792935,-0.3277608,0.1160585
2013,0.003406722,0.2317508,0.1158681
2013,-1,0.4000736,0.1144166
2013,-0.02474824,-0.6586521,0.1142001
2013,-0.1064909,-0.7639006,0.1134365
2013,0.02497899,-0.3141679,0.1121908
2013,-0.6646226,-0.9972084,0.1113897
2013,0.1464017,-0.3591182,0.1112717
2013,0.2293387,-0.2479505,0.1109963
2013,-0.004993927,-0.1322557,0.1105602
2013,-0.01294243,0.7945664,0.1092292
2013,-0.2515034,-0.395792,0.1088358
2013,0.2057208,-0.3326343,0.1084821
2013,-0.05608384,-0.6138689,0.107855
2013,-0.220252,0.3254938,0.1075389
2013,-0.8076738,0.441544,0.107051
2013,-0.1092848,-0.2607894,0.1059373
2013,-0.5728859,0.03397567,0.1053013
2013,-0.2622615,-0.5572388,0.1050682
2013,-0.9852381,0.3406586,0.1050579
2013,-0.4128059,-0.35023,0.1043819
2013,-0.48138,-0.1193531,0.1037753
2013,-0.4636681,0.3227043,0.1035577
2013,-0.5220236,0.08381382,0.1023733
2013,-0.5504062,-0.614043,0.101513
2013,-0.158036,-0.5387667,0.0999155
2013,0.2302492,-0.2829777,0.09781631
2013,-0.1980031,-0.6171849,0.09655679
2013,-0.03224147,-0.1367846,0.09462007
2013,-0.1441846,-0.6971639,0.09416671
2013,-0.1530406,-0.5882596,0.08956602
2013,0.0774316,-0.2199001,0.08797301
2013,0.2234358,-0.4335202,0.0878201
2013,-0.1609859,-0.6349526,0.08666756
2013,-0.1482727,-0.550448,0.08594082
2013,-0.1957298,-0.4795297,0.08162287
2013,0.5572228,-0.382753,0.08514909
2013,-0.1203454,-0.7835904,0.06924461
2013,0.2302492,-0.2829777,0.06762131
2013,-0.1775627,-0.538251,0.0665078
2013,0.2229805,-0.3099806,0.06446327
2013,-0.1064909,-0.7639006,0.064451
2013,0.2041336,-0.2754867,0.06406479
2013,0.2549491,-0.3181021,0.06402388
2013,-0.02724598,-0.6417449,0.06340619
2013,0.2899362,-0.4624676,0.06334198
2013,-0.1482727,-0.550448,0.06083328
2013,0.9071314,0.7776679,0.06022462
2013,0.2234358,-0.4335202,0.06020626
2013,-0.212079,0.3254938,0.06009056
2013,-0.9974992,0.3964109,0.05988719
2013,-0.5263892,-1,0.05986243
2013,-0.2515034,-0.395792,0.05959255
2013,-0.6646226,-0.9972084,0.05848653
2013,-0.5420056,0.05628602,0.058182
2013,-0.4679277,0.2944631,0.05732112
2013,-0.1391892,-0.5696155,0.05697109
2013,-0.4207543,-0.3225281,0.0564999
2013,-0.1609859,-0.6349526,0.0564568
2013,-0.1957298,-0.4795297,0.05635676
2013,-0.1980031,-0.6171849,0.05603707
2013,0.2792935,-0.3277608,0.05583857
2013,-0.48138,-0.1193531,0.05583737
2013,0.1889632,-0.3124827,0.05575063
2013,0.1841111,-0.3547828,0.05571029
2013,0.1036096,-0.09887245,0.05508925
2013,-0.5504062,-0.614043,0.05508857
2013,0.1791156,-0.3914899,0.0548292
2013,-0.5728859,0.03397567,0.05464913
2013,-0.02474824,-0.6586521,0.05419719
2013,0.1464017,-0.3591182,0.05383374
2013,-0.4636681,0.3227043,0.05368742
2013,-1,0.4000736,0.05340964
2013,-0.5220236,0.08381382,0.05337526
2013,-0.158036,-0.5387667,0.05336439
2013,-0.05608384,-0.6138689,0.05322243
2013,0.3092103,-0.4394337,0.05301544
2013,0.2384222,-0.3821258,0.05277514
2013,-0.4128059,-0.35023,0.05259657
2013,0.04882137,-0.5213456,0.05248181
2013,0.278068,0.1756279,0.05237206
2013,0.2057208,-0.3326343,0.05209747
2013,-0.9852381,0.3406586,0.05203432
2013,0.2992381,-0.4456075,0.05147563
2013,-0.03224147,-0.1367846,0.05092827
2013,-0.2622615,-0.5572388,0.05085425
2013,0.2629444,-0.3570343,0.05079638
2013,-0.1752926,-0.5342435,0.05042513
2013,0.2327469,-0.2943037,0.05008636
2013,0.3721466,-0.2995118,0.04995163
2013,-0.1441846,-0.6971639,0.04964826
2013,0.2295663,0.6677131,0.04960417
2013,-0.1530406,-0.5882596,0.04942069
2013,0.02497899,-0.3141679,0.04902706
2013,-0.1092848,-0.2607894,0.04871212
2013,0.1218203,-0.06477877,0.04848313
2013,0.0774316,-0.2199001,0.04811919
2013,0.5692562,-0.1808654,0.04732664
2013,0.003406722,0.2317508,0.04692072
2013,0.1550861,-0.5199497,0.04659086
2013,-0.3723867,-0.5176899,0.04654165
2013,0.4468699,0.4258656,0.04630221
2013,0.660968,0.1469868,0.04603593
2013,0.6280639,1,0.04431019
2013,1,0.5886087,0.04348901
2013,-0.01294243,0.7945664,0.03801329
2013,0.5572228,-0.382753,0.04336647
2013,0.2041336,-0.2754867,0.04221355
2013,-0.1775627,-0.538251,0.04157051
2013,-0.48138,-0.1193531,0.04148338
2013,0.2629444,-0.3570343,0.04031466
2013,-0.9974992,0.3964109,0.04004096
2013,0.2302492,-0.2829777,0.03970513
2013,0.2229805,-0.3099806,0.03891217
2013,0.2992381,-0.4456075,0.03883406
2013,0.2384222,-0.3821258,0.03849155
2013,0.2899362,-0.4624676,0.03838992
2013,-0.1957298,-0.4795297,0.03795465
2013,-0.212079,0.3254938,0.03786732
2013,0.2792935,-0.3277608,0.03674617
2013,-0.1530406,-0.5882596,0.03667533
2013,-0.5728859,0.03397567,0.03655794
2013,0.1841111,-0.3547828,0.03653893
2013,0.003406722,0.2317508,0.03636715
2013,-0.4636681,0.3227043,0.03635973
2013,-0.4207543,-0.3225281,0.0363065
2013,-0.1391892,-0.5696155,0.03595318
2013,-0.4128059,-0.35023,0.03591425
2013,0.2327469,-0.2943037,0.03588484
2013,0.9071314,0.7776679,0.03552143
2013,-0.158036,-0.5387667,0.03543044
2013,-0.220252,0.3254938,0.03527249
2013,-0.02474824,-0.6586521,0.03522652
2013,-0.1482727,-0.5504414,0.03488053
2013,-0.1203454,-0.7835904,0.03465885
2013,-0.001816399,-0.1341674,0.03450126
2013,0.2057208,-0.3326343,0.03409778
2013,0.1031356,0.9913188,0.0339884
2013,-0.1609859,-0.6349526,0.03395037
2013,0.0774316,-0.2199001,0.03351299
2013,-0.1752926,-0.5342435,0.03338815
2013,-0.1441846,-0.6971639,0.03329535
2013,-0.1064909,-0.7639006,0.03317418
2013,0.3092103,-0.4394337,0.03250973
2013,-0.004993927,-0.1322557,0.03199963
2013,0.9307461,0.7964849,0.02912088
2013,0.5692562,-0.1808654,0.02585448
2013,1,0.5886087,0.02474354
2013,0.1550861,-0.5199497,0.02446841
2013,-0.1793807,-0.6440188,0.01896002
2013,-0.1064909,-0.7639006,0.01615811
2013,-0.1980031,-0.6171849,0.01573402
2013,0.2899362,-0.4624676,0.01319067
2013,-0.1441846,-0.6971639,0.01208718
2013,-0.1530406,-0.5882596,0.01066233
2013,-0.1800605,-0.5961009,0.00866923
2013,0.2629444,-0.3570343,0.004707919
2013,-0.6646226,-0.9972084,0.003793762
2013,0.2327469,-0.2943037,0.00325178
2013,0.1550861,-0.5199497,0.003175414
2013,-0.1092848,-0.2607894,0.002875423
2013,-0.9852381,0.3406586,0.002656905
2013,-0.01294243,0.7945664,0.001795242
2013,1,0.5886087,0.001222996
2013,0.2041336,-0.2754867,0.009669937
2013,-0.1948224,-0.6394884,0.006773993
2013,0.2629444,-0.3570343,0.00497075
2013,0.2549491,-0.3181021,0.00431884
2013,-0.1980031,-0.6171849,0.003576315
2013,-0.1441846,-0.6971639,0.00342256
2013,0.2384222,-0.3821258,0.002856392
2013,0.02497899,-0.3141679,0.002278373
2013,-0.1064909,-0.7639006,0.002054282
2014,-0.4679277,0.2944631,0.04723496
2014,0.003406722,0.2317508,0.0393501
2014,-0.4636681,0.3227043,0.03921896
2014,0.02497899,-0.3141679,0.02091392
2014,0.6280639,1,0.01473883
2014,0.5692562,-0.1808654,0.01447372
2014,0.1550861,-0.5199497,0.005636821
2014,-0.1530406,-0.5882596,0.002750071
2014,-0.1980031,-0.6171849,0.002721244
2014,-0.1441846,-0.6971639,0.002048047
2014,0.2549491,-0.3181021,0.001984996
2014,0.2041336,-0.2754867,0.001905787
2014,-0.1064909,-0.7639006,0.001858353
2014,0.2384222,-0.3821258,0.00166007
2014,-0.1482727,-0.5504414,0.03023335
2014,-0.1609859,-0.6349526,0.02329673
2014,-0.4207543,-0.3225281,0.02110293
2014,-0.4636681,0.3227043,0.01332515
2014,-0.4128059,-0.35023,0.0113508
2014,0.003406722,0.2317508,0.01096277
2014,0.1550861,-0.5199497,0.009318325
2014,0.5692562,-0.1808654,0.00592778
2014,-0.1775627,-0.538251,0.001018129
2014,-0.212079,0.3254938,0.0008878559
2014,-0.1391892,-0.5696155,0.0008745274
2014,0.2302492,-0.2829777,0.000865532
2014,0.2229805,-0.3099806,0.0008016829
2014,0.1841111,-0.3547828,0.00078966
2014,0.2899362,-0.4624676,0.0007537999
2014,-0.1752926,-0.5342435,0.0006315533
2014,-0.220252,0.3254938,0.0006262931
2014,0.2057208,-0.3326343,0.0005571845
2014,0.02497899,-0.3141679,0.0004825064
2014,-0.1092848,-0.2607894,0.0004124909
2014,0.2261611,-0.2904666,0.1383083
2014,0.2229805,-0.3099806,0.1277701
2014,0.2186648,-0.3000503,0.1126639
2014,-0.1482727,-0.5504414,0.1116558
2014,-0.1482727,-0.550448,0.1100022
2014,-0.1775627,-0.538251,0.1084804
2014,-0.1391892,-0.5696155,0.1009294
2014,-0.1957298,-0.4795297,0.09946616
2014,0.2302492,-0.2829777,0.09450413
2014,0.2041336,-0.2754867,0.09286851
2014,-0.02724598,-0.6417449,0.09132189
2014,-0.1609859,-0.6349526,0.08632907
2014,-0.212079,0.3254938,0.0843586
2014,0.2234358,-0.4335202,0.08409306
2014,-0.5420056,0.05628602,0.08392433
2014,0.0774316,-0.2199001,0.08367315
2014,-0.1530406,-0.5882596,0.08325183
2014,-0.1800605,-0.5961009,0.08207417
2014,-0.03224147,-0.1367846,0.08202244
2014,-0.4207543,-0.3225281,0.08133916
2014,-0.158036,-0.5387667,0.07805274
2014,0.1841111,-0.3547828,0.07643247
2014,-0.1441846,-0.6971639,0.07440762
2014,0.2163947,-0.2723484,0.07422999
2014,-0.1064909,-0.7639006,0.0733714
2014,0.2549491,-0.3181021,0.07266646
2014,-0.05608384,-0.6138689,0.07125713
2014,-0.02474824,-0.6586521,0.07101172
2014,-0.9974992,0.3964109,0.07098646
2014,-0.001816399,-0.1341674,0.0708817
2014,-0.5220236,0.08381382,0.07038723
2014,-0.1980031,-0.6171849,0.07027239
2014,-0.1752926,-0.5342435,0.06815119
2014,0.9071314,0.7776679,0.06720731
2014,0.2899362,-0.4624676,0.06624018
2014,0.2629444,-0.3570343,0.06509295
2014,0.1791156,-0.3914899,0.06112172
2014,0.2792935,-0.3277608,0.05965132
2014,-0.4128059,-0.35023,0.05937026
2014,-0.004993927,-0.1322557,0.05915942
2014,0.1464017,-0.3591182,0.05836134
2014,0.2057208,-0.3326343,0.05806645
2014,-0.2515034,-0.395792,0.05784908
2014,0.2211625,-0.3422179,0.05688566
2014,-0.220252,0.3254938,0.0554381
2014,0.2293387,-0.2479505,0.0545687
2014,0.1741607,-0.2197243,0.05451389
2014,0.2384222,-0.3821258,0.05151236
2014,-0.48138,-0.1193531,0.05049585
2014,-0.5728859,0.03397567,0.04933922
2014,-0.2622615,-0.5572388,0.04877966
2014,-0.5504062,-0.614043,0.04547538
2014,-0.1092848,-0.2607894,0.04411643
2014,-0.4636681,0.3227043,0.04223986
2014,-0.987477,0.4062838,0.04176508
2014,0.1550861,-0.5199497,0.04141591
2014,-0.8076738,0.441544,0.04058189
2014,-0.3864626,-0.8921444,0.04021331
2014,-0.6646226,-0.9972084,0.03974312
2014,0.02497899,-0.3141679,0.03946512
2014,0.003406722,0.2317508,0.03897456
2014,-0.01294243,0.7945664,0.03546142
2014,0.5692562,-0.1808654,0.03457404
2014,-0.9852381,0.3406586,0.03346818
2014,0.278068,0.1756279,0.03166977
2014,0.9307461,0.7964849,0.03081289
2014,0.2295663,0.6677131,0.03015148
2014,0.4468699,0.4258656,0.0290099
2014,0.6280639,1,0.02866536
2014,1,0.5886087,0.02702243
2014,0.660968,0.1469868,0.02630221
2014,0.2261611,-0.2904666,0.1307021
2014,0.2229805,-0.3099806,0.09967805
2014,0.2186648,-0.3000503,0.08509781
2014,-0.1482727,-0.550448,0.08019187
2014,-0.1482727,-0.5504414,0.07832422
2014,-0.1775627,-0.538251,0.07245308
2014,-0.1957298,-0.4795297,0.06518522
2014,-0.1391892,-0.5696155,0.05539503
2014,0.0774316,-0.2199001,0.05520071
2014,-0.4207543,-0.3225281,0.05133593
2014,0.2302492,-0.2829777,0.04936425
2014,-0.1609859,-0.6349526,0.04834148
2014,-0.212079,0.3254938,0.04781854
2014,0.2041336,-0.2754867,0.04682104
2014,0.9071314,0.7776679,0.04681152
2014,-0.02724598,-0.6417449,0.0461796
2014,-0.03224147,-0.1367846,0.04473983
2014,-0.5420056,0.05628602,0.04427319
2014,0.2234358,-0.4335202,0.04154675
2014,-0.9974992,0.3964109,0.0410321
2014,-0.1800605,-0.5961009,0.0317389
2014,0.2549491,-0.3181021,0.03112993
2014,-0.1064909,-0.7639006,0.03108781
2014,-0.5220236,0.08381382,0.03000448
2014,-0.001816399,-0.1341674,0.02978803
2014,-0.1530406,-0.5882596,0.0282699
2014,0.1841111,-0.3547828,0.02719191
2014,0.2629444,-0.3570343,0.02678443
2014,-0.1441846,-0.6971639,0.02610263
2014,-0.1980031,-0.6171849,0.02241212
2014,-0.158036,-0.5387667,0.02213671
2014,-0.05608384,-0.6138689,0.02205109
2014,0.2899362,-0.4624676,0.01947563
2014,-0.02474824,-0.6586521,0.01800785
2014,-0.1752926,-0.5342435,0.01772992
2014,0.2163947,-0.2723484,0.01602647
2014,-0.2515034,-0.395792,0.01555897
2014,0.1464017,-0.3591182,0.01536174
2014,-0.4128059,-0.35023,0.01479832
2014,-0.004993927,-0.1322557,0.01423
2014,0.1791156,-0.3914899,0.01403593
2014,0.2792935,-0.3277608,0.01338101
2014,-0.5728859,0.03397567,0.01320537
2014,0.2384222,-0.3821258,0.01230502
2014,0.2211625,-0.3422179,0.01225189
2014,0.1741607,-0.2197243,0.01222395
2014,-0.220252,0.3254938,0.01202999
2014,0.2293387,-0.2479505,0.01192845
2014,-0.2622615,-0.5572388,0.01152292
2014,-0.48138,-0.1193531,0.0111096
2014,0.2057208,-0.3326343,0.01069725
2014,-0.8076738,0.441544,0.01051771
2014,-0.987477,0.4062838,0.0103925
2014,-0.1092848,-0.2607894,0.009564829
2014,-0.4636681,0.3227043,0.008832552
2014,0.003406722,0.2317508,0.008707954
2014,-0.6646226,-0.9972084,0.008082421
2014,-0.9852381,0.3406586,0.008011607
2014,0.1550861,-0.5199497,0.007876915
2014,-0.5504062,-0.614043,0.007057145
2014,-0.3864626,-0.8921444,0.006812969
2014,0.02497899,-0.3141679,0.00666026
2014,0.2295663,0.6677131,0.005651113
2014,-0.01294243,0.7945664,0.005586356
2014,0.278068,0.1756279,0.005096127
2014,0.5692562,-0.1808654,0.004956345
2014,0.6280639,1,0.00472241
2014,0.4468699,0.4258656,0.004680367
2014,0.9307461,0.7964849,0.00421317
2014,1,0.5886087,0.003872398
2014,0.660968,0.1469868,0.003399221
2014,0.2261611,-0.2904666,0.3381304
2014,0.2229805,-0.3099806,0.2800778
2014,0.2186648,-0.3000503,0.2428111
2014,-0.1482727,-0.550448,0.2326467
2014,-0.1482727,-0.5504414,0.2302968
2014,-0.1775627,-0.538251,0.2193991
2014,-0.1957298,-0.4795297,0.1991777
2014,-0.1391892,-0.5696155,0.1856824
2014,0.2302492,-0.2829777,0.1701102
2014,0.0774316,-0.2199001,0.1678874
2014,0.2041336,-0.2754867,0.1645339
2014,-0.02724598,-0.6417449,0.161429
2014,-0.1609859,-0.6349526,0.1598702
2014,-0.4207543,-0.3225281,0.1593108
2014,-0.212079,0.3254938,0.1568781
2014,-0.5420056,0.05628602,0.1512652
2014,-0.03224147,-0.1367846,0.1500733
2014,0.2234358,-0.4335202,0.1472269
2014,0.9071314,0.7776679,0.1379121
2014,-0.9974992,0.3964109,0.1334453
2014,-0.1800605,-0.5961009,0.1306827
2014,-0.1530406,-0.5882596,0.1265591
2014,-0.1064909,-0.7639006,0.120978
2014,0.2549491,-0.3181021,0.1204201
2014,0.1841111,-0.3547828,0.1182293
2014,-0.001816399,-0.1341674,0.1161929
2014,-0.5220236,0.08381382,0.1159343
2014,-0.1441846,-0.6971639,0.1144033
2014,-0.158036,-0.5387667,0.1116301
2014,0.2629444,-0.3570343,0.1062962
2014,-0.05608384,-0.6138689,0.1047894
2014,-0.1980031,-0.6171849,0.1047665
2014,0.2163947,-0.2723484,0.09903178
2014,-0.02474824,-0.6586521,0.09838219
2014,0.2899362,-0.4624676,0.09627806
2014,-0.1752926,-0.5342435,0.09536776
2014,0.1791156,-0.3914899,0.08256737
2014,0.1464017,-0.3591182,0.08215328
2014,-0.4128059,-0.35023,0.08175124
2014,-0.2515034,-0.395792,0.08150934
2014,0.2792935,-0.3277608,0.08045933
2014,0.2211625,-0.3422179,0.07562021
2014,0.2057208,-0.3326343,0.07473655
2014,-0.220252,0.3254938,0.07364685
2014,0.1741607,-0.2197243,0.07353281
2014,0.2293387,-0.2479505,0.07318901
2014,0.2384222,-0.3821258,0.07025559
2014,-0.48138,-0.1193531,0.06735141
2014,-0.2622615,-0.5572388,0.06622908
2014,-0.1092848,-0.2607894,0.05859793
2014,-0.987477,0.4062838,0.05754297
2014,-0.8076738,0.441544,0.05653815
2014,-0.5504062,-0.614043,0.05611784
2014,-0.4636681,0.3227043,0.0556105
2014,0.1550861,-0.5199497,0.05336444
2014,0.003406722,0.2317508,0.05220932
2014,-0.6646226,-0.9972084,0.05192101
2014,-0.3864626,-0.8921444,0.05050379
2014,0.02497899,-0.3141679,0.049569
2014,-0.9852381,0.3406586,0.04562841
2014,-0.01294243,0.7945664,0.04379909
2014,0.5692562,-0.1808654,0.04199501
2014,0.278068,0.1756279,0.03930125
2014,0.2295663,0.6677131,0.03871659
2014,0.9307461,0.7964849,0.037179
2014,0.4468699,0.4258656,0.03606672
2014,0.6280639,1,0.03583087
2014,1,0.5886087,0.03288286
2014,0.660968,0.1469868,0.03144119
2014,0.660968,0.1469868,0.1253741
2014,1,0.5886087,0.1244907
2014,0.1550861,-0.5199497,0.1240284
2014,-0.3864626,-0.8921444,0.1222575
2014,0.5692562,-0.1808654,0.1199786
2014,0.9307461,0.7964849,0.1167883
2014,0.4468699,0.4258656,0.1164623
2014,-0.02474824,-0.6586521,0.11635
2014,-0.6646226,-0.9972084,0.1149228
2014,0.2792935,-0.3277608,0.1141487
2014,-0.1064909,-0.7639006,0.112172
2014,0.278068,0.1756279,0.1116165
2014,-0.987477,0.4062838,0.1115079
2014,0.02497899,-0.3141679,0.1108347
2014,0.6280639,1,0.1099961
2014,-0.2515034,-0.395792,0.1096945
2014,-0.5728859,0.03397567,0.109375
2014,0.2295663,0.6677131,0.1091263
2014,-0.2622615,-0.5572388,0.109006
2014,0.2057208,-0.3326343,0.1076502
2014,-0.05608384,-0.6138689,0.1073136
2014,-0.8076738,0.441544,0.1072285
2014,0.1464017,-0.3591182,0.1057691
2014,-0.4128059,-0.35023,0.1055225
2014,0.003406722,0.2317508,0.1051579
2014,-0.1441846,-0.6971639,0.1042873
2014,-0.220252,0.3254938,0.1039208
2014,-0.1980031,-0.6171849,0.1037968
2014,0.2293387,-0.2479505,0.103359
2014,-0.9852381,0.3406586,0.1027566
2014,-0.1092848,-0.2607894,0.1026431
2014,-0.4636681,0.3227043,0.1010216
2014,-0.158036,-0.5387667,0.09989998
2014,-0.48138,-0.1193531,0.09851672
2014,-0.01294243,0.7945664,0.09827181
2014,-0.004993927,-0.1322557,0.09790398
2014,-0.5504062,-0.614043,0.09726954
2014,-0.5220236,0.08381382,0.09659175
2014,0.2302492,-0.2829777,0.09407777
2014,0.2234358,-0.4335202,0.09172772
2014,-0.03224147,-0.1367846,0.09103872
2014,-0.1530406,-0.5882596,0.09058185
2014,0.0774316,-0.2199001,0.08829388
2014,-0.1609859,-0.6349526,0.08316208
2014,-0.1482727,-0.550448,0.0807474
2014,-0.1957298,-0.4795297,0.07569063
2014,-0.1775627,-0.538251,0.06369588
2014,0.2302492,-0.2829777,0.06328575
2014,-0.02724598,-0.6417449,0.06258731
2014,-0.1482727,-0.550448,0.06165206
2014,-0.1203454,-0.7835904,0.06137696
2014,0.2899362,-0.4624676,0.06082773
2014,0.2229805,-0.3099806,0.06056555
2014,-0.5263892,-1,0.05970154
2014,-0.02474824,-0.6586521,0.05956448
2014,0.1889632,-0.3124827,0.05927068
2014,-0.1609859,-0.6349526,0.05920465
2014,-0.1391892,-0.5696155,0.05879318
2014,0.2792935,-0.3277608,0.05824779
2014,0.2234358,-0.4335202,0.05807559
2014,-0.1064909,-0.7639006,0.05799079
2014,0.2041336,-0.2754867,0.05777282
2014,0.2549491,-0.3181021,0.05711667
2014,0.2186648,-0.3000503,0.05605964
2014,-0.1980031,-0.6171849,0.05603121
2014,0.9071314,0.7776679,0.05598688
2014,-0.001816399,-0.1341674,0.05560993
2014,0.04882137,-0.5213456,0.05552407
2014,-0.4207543,-0.3225281,0.0554745
2014,-0.48138,-0.1193531,0.05448264
2014,-0.1957298,-0.4795297,0.05447821
2014,-0.1752926,-0.5342435,0.05436265
2014,-0.212079,0.3254938,0.05383535
2014,-0.6646226,-0.9972084,0.05370226
2014,0.1841111,-0.3547828,0.05337272
2014,-0.5420056,0.05628602,0.05272145
2014,0.3092103,-0.4394337,0.05202982
2014,0.660968,0.1469868,0.05186564
2014,0.1464017,-0.3591182,0.05172233
2014,0.1036096,-0.09887245,0.05165729
2014,0.2384222,-0.3821258,0.05161386
2014,0.2057208,-0.3326343,0.05159367
2014,0.1791156,-0.3914899,0.05149597
2014,-0.05608384,-0.6138689,0.05095069
2014,0.6280639,1,0.05088395
2014,-0.1530406,-0.5882596,0.05080325
2014,0.3721466,-0.2995118,0.0507996
2014,-0.4128059,-0.35023,0.05046696
2014,0.2629444,-0.3570343,0.05045851
2014,-0.158036,-0.5387667,0.05037557
2014,-0.2515034,-0.395792,0.05010019
2014,0.278068,0.1756279,0.04988174
2014,-0.5504062,-0.614043,0.04972383
2014,-0.2622615,-0.5572388,0.04964545
2014,0.003406722,0.2317508,0.04964415
2014,-0.03224147,-0.1367846,0.04952788
2014,-0.4679277,0.2944631,0.04947068
2014,-0.4636681,0.3227043,0.04931734
2014,0.2327469,-0.2943037,0.04904844
2014,-0.1441846,-0.6971639,0.04903053
2014,-0.9974992,0.3964109,0.04886683
2014,0.4468699,0.4258656,0.04803832
2014,0.2295663,0.6677131,0.04773268
2014,0.02497899,-0.3141679,0.04748978
2014,-0.3723867,-0.5176899,0.04733111
2014,0.0774316,-0.2199001,0.04732649
2014,0.1218203,-0.06477877,0.04725754
2014,-0.1092848,-0.2607894,0.04673595
2014,1,0.5886087,0.04672946
2014,0.1550861,-0.5199497,0.04648492
2014,-0.5220236,0.08381382,0.04582017
2014,0.5692562,-0.1808654,0.04574402
2014,-0.9852381,0.3406586,0.04518281
2014,-0.5728859,0.03397567,0.04476178
2014,-0.987477,0.4062838,0.04409231
2014,-0.01294243,0.7945664,0.04240214
2014,0.2302492,-0.2829777,0.04160422
2014,0.2899362,-0.4624676,0.04152957
2014,0.2792935,-0.3277608,0.04041086
2014,0.2041336,-0.2754867,0.04031245
2014,0.2229805,-0.3099806,0.03995699
2014,-0.1775627,-0.538251,0.03882467
2014,-0.1203454,-0.7835904,0.03857192
2014,-0.1391892,-0.5696155,0.03848352
2014,0.2057208,-0.3326343,0.03803123
2014,-0.4128059,-0.35023,0.03718409
2014,-0.1064909,-0.7639006,0.03683405
2014,-0.1957298,-0.4795297,0.03668679
2014,-0.212079,0.3254938,0.03644007
2014,-0.220252,0.3254938,0.03619481
2014,-0.02474824,-0.6586521,0.03615836
2014,-0.1980031,-0.6171849,0.035838
2014,-0.48138,-0.1193531,0.03532129
2014,0.2327469,-0.2943037,0.03473752
2014,0.2629444,-0.3570343,0.03455385
2014,0.9071314,0.7776679,0.03453999
2014,0.9307461,0.7964849,0.03416859
2014,-0.1752926,-0.5342435,0.03395373
2014,-0.4207543,-0.3225281,0.03395363
2014,-0.1530406,-0.5882596,0.03395192
2014,-0.001816399,-0.1341674,0.03390269
2014,-0.158036,-0.5387667,0.03330398
2014,0.2384222,-0.3821258,0.03298025
2014,0.003406722,0.2317508,0.03264376
2014,0.1031356,0.9913188,0.03244723
2014,-0.1441846,-0.6971639,0.03240201
2014,0.1841111,-0.3547828,0.03184903
2014,0.3092103,-0.4394337,0.03183102
2014,0.0774316,-0.2199001,0.03154876
2014,-0.9974992,0.3964109,0.03035306
2014,-0.1092848,-0.2607894,0.0297598
2014,-0.4636681,0.3227043,0.02920563
2014,0.5692562,-0.1808654,0.02867922
2014,1,0.5886087,0.02815124
2014,-0.1609859,-0.6349526,0.02812642
2014,-0.5728859,0.03397567,0.02778932
2014,0.1550861,-0.5199497,0.02752812
2014,-0.004993927,-0.1322557,0.0257477
2014,-0.987477,0.4062838,0.02297468
2014,-0.1793807,-0.6440188,0.02611804
2014,-0.1441846,-0.6971639,0.01895895
2014,-0.1800605,-0.5961009,0.01808597
2014,-0.1064909,-0.7639006,0.01751997
2014,-0.1980031,-0.6171849,0.01235842
2014,0.2899362,-0.4624676,0.01229962
2014,-0.1530406,-0.5882596,0.0113762
2014,0.2629444,-0.3570343,0.005810076
2014,-0.6646226,-0.9972084,0.004583233
2014,0.1550861,-0.5199497,0.004081975
2014,0.2327469,-0.2943037,0.003315601
2014,-0.1092848,-0.2607894,0.002798842
2014,-0.9852381,0.3406586,0.00216327
2014,-0.01294243,0.7945664,0.002070782
2014,1,0.5886087,0.001664822
2014,0.2041336,-0.2754867,0.009645944
2014,-0.1530406,-0.5882596,0.005903128
2014,0.2384222,-0.3821258,0.004201687
2014,0.2549491,-0.3181021,0.004149597
2014,-0.1441846,-0.6971639,0.003384339
2014,-0.1064909,-0.7639006,0.00224529
2015,-0.4636681,0.3227043,0.041016
2015,0.003406722,0.2317508,0.03143872
2015,-0.4679277,0.2944631,0.02892462
2015,0.02497899,-0.3141679,0.01879539
2015,0.5692562,-0.1808654,0.01142548
2015,0.6280639,1,0.01092116
2015,0.1550861,-0.5199497,0.005200577
2015,-0.1441846,-0.6971639,0.003139567
2015,-0.1530406,-0.5882596,0.002500114
2015,0.2629444,-0.3570343,0.002289023
2015,0.2549491,-0.3181021,0.001985436
2015,0.2041336,-0.2754867,0.00198388
2015,-0.1064909,-0.7639006,0.001822158
2015,-0.1980031,-0.6171849,0.001491499
2015,0.2384222,-0.3821258,0.001300286
2015,-0.1775627,-0.538251,0.001111883
2015,-0.1752926,-0.5342435,0.0008283908
2015,-0.212079,0.3254938,0.000803191
2015,0.2302492,-0.2829777,0.0007781133
2015,0.2899362,-0.4624676,0.0007604483
2015,-0.1391892,-0.5696155,0.0007475632
2015,0.2229805,-0.3099806,0.0007401165
2015,0.1841111,-0.3547828,0.0007019544
2015,0.2057208,-0.3326343,0.0005845816
2015,0.02497899,-0.3141679,0.0005023464
2015,-0.1092848,-0.2607894,0.0003877226
2015,0.2041336,-0.2754867,0.004179154
2015,0.2629444,-0.3570343,0.002634979
2015,0.2549491,-0.3181021,0.002245887
2015,0.2384222,-0.3821258,0
2015,0.2261611,-0.2904666,0.1213642
2015,0.2229805,-0.3099806,0.1132087
2015,-0.1482727,-0.550448,0.1084045
2015,-0.1775627,-0.538251,0.1072855
2015,0.2186648,-0.3000503,0.1062837
2015,-0.1391892,-0.5696155,0.09808234
2015,-0.1957298,-0.4795297,0.09576372
2015,0.2041336,-0.2754867,0.09198911
2015,0.2302492,-0.2829777,0.09027951
2015,-0.02724598,-0.6417449,0.08316578
2015,0.0774316,-0.2199001,0.08292924
2015,-0.1609859,-0.6349526,0.08149622
2015,-0.212079,0.3254938,0.08122418
2015,-0.1530406,-0.5882596,0.0808612
2015,-0.4207543,-0.3225281,0.07984363
2015,-0.1800605,-0.5961009,0.07976715
2015,-0.03224147,-0.1367846,0.07856284
2015,-0.158036,-0.5387667,0.07793217
2015,-0.5420056,0.05628602,0.07749996
2015,-0.1441846,-0.6971639,0.07540776
2015,0.2549491,-0.3181021,0.07377576
2015,0.2163947,-0.2723484,0.07215907
2015,0.1841111,-0.3547828,0.07167981
2015,-0.1064909,-0.7639006,0.06985559
2015,-0.9974992,0.3964109,0.06956948
2015,-0.05608384,-0.6138689,0.0695211
2015,-0.001816399,-0.1341674,0.06881488
2015,-0.1752926,-0.5342435,0.06764296
2015,0.2143148,-0.437127,0.06676391
2015,0.9071314,0.7776679,0.06632055
2015,-0.1980031,-0.6171849,0.06616524
2015,-0.5220236,0.08381382,0.06143675
2015,0.2899362,-0.4624676,0.06098441
2015,0.2057208,-0.3326343,0.06074959
2015,0.2629444,-0.3570343,0.0604373
2015,0.1036096,-0.09887245,0.05968902
2015,-0.02474824,-0.6586521,0.05849785
2015,0.1791156,-0.3914899,0.05826265
2015,-0.004993927,-0.1322557,0.05702405
2015,-0.4128059,-0.35023,0.05669627
2015,-0.2515034,-0.395792,0.05648289
2015,-0.220252,0.3254938,0.05563793
2015,0.1464017,-0.3591182,0.0549581
2015,0.2293387,-0.2479505,0.05435232
2015,0.2792935,-0.3277608,0.05367329
2015,0.2211625,-0.3422179,0.05243449
2015,0.1741607,-0.2197243,0.05236318
2015,-0.48138,-0.1193531,0.04967689
2015,0.2384222,-0.3821258,0.04756134
2015,-0.2622615,-0.5572388,0.04642431
2015,-0.5728859,0.03397567,0.04633577
2015,0.1218203,-0.06477877,0.04630804
2015,-0.3723867,-0.5176899,0.04557104
2015,-0.5504062,-0.614043,0.04280452
2015,-0.987477,0.4062838,0.04215248
2015,-0.1092848,-0.2607894,0.04194703
2015,-0.4636681,0.3227043,0.04015944
2015,-0.8076738,0.441544,0.03940189
2015,-0.6646226,-0.9972084,0.0378301
2015,0.02497899,-0.3141679,0.0374079
2015,0.1550861,-0.5199497,0.03697157
2015,-0.3864626,-0.8921444,0.03639512
2015,0.003406722,0.2317508,0.03634465
2015,-0.9852381,0.3406586,0.03309976
2015,0.5692562,-0.1808654,0.03189963
2015,-0.01294243,0.7945664,0.03151103
2015,0.278068,0.1756279,0.0313354
2015,0.9307461,0.7964849,0.02801207
2015,0.2295663,0.6677131,0.02796598
2015,0.4468699,0.4258656,0.02667166
2015,0.6280639,1,0.02503188
2015,0.660968,0.1469868,0.02409965
2015,1,0.5886087,0.02107536
2015,0.2261611,-0.2904666,0.1246203
2015,0.2229805,-0.3099806,0.09260266
2015,0.2186648,-0.3000503,0.08200325
2015,-0.1482727,-0.550448,0.07361465
2015,-0.1775627,-0.538251,0.07234768
2015,0.0774316,-0.2199001,0.05882544
2015,-0.1957298,-0.4795297,0.05808679
2015,0.2302492,-0.2829777,0.05277906
2015,-0.4207543,-0.3225281,0.05065897
2015,-0.1391892,-0.5696155,0.04991655
2015,-0.212079,0.3254938,0.04766072
2015,0.2041336,-0.2754867,0.04741449
2015,0.9071314,0.7776679,0.04418241
2015,-0.1609859,-0.6349526,0.04237177
2015,-0.02724598,-0.6417449,0.04097221
2015,-0.9974992,0.3964109,0.04022138
2015,-0.03224147,-0.1367846,0.04004309
2015,-0.5420056,0.05628602,0.03961853
2015,0.2143148,-0.437127,0.03482387
2015,-0.1064909,-0.7639006,0.02981137
2015,0.2549491,-0.3181021,0.02913614
2015,-0.1800605,-0.5961009,0.02859193
2015,-0.001816399,-0.1341674,0.02646616
2015,-0.1530406,-0.5882596,0.02628207
2015,0.1841111,-0.3547828,0.02536623
2015,-0.1441846,-0.6971639,0.02503105
2015,0.2629444,-0.3570343,0.02499704
2015,0.1036096,-0.09887245,0.02499145
2015,-0.5220236,0.08381382,0.02483179
2015,-0.05608384,-0.6138689,0.0215112
2015,-0.158036,-0.5387667,0.02105072
2015,-0.1980031,-0.6171849,0.02045545
2015,0.2899362,-0.4624676,0.01863713
2015,-0.1752926,-0.5342435,0.01604285
2015,0.2163947,-0.2723484,0.015782
2015,0.1464017,-0.3591182,0.01511063
2015,0.1791156,-0.3914899,0.01483296
2015,-0.2515034,-0.395792,0.01480052
2015,-0.4128059,-0.35023,0.01386096
2015,-0.02474824,-0.6586521,0.01367929
2015,0.2792935,-0.3277608,0.01262768
2015,-0.004993927,-0.1322557,0.0125829
2015,0.2057208,-0.3326343,0.01243152
2015,-0.220252,0.3254938,0.01186839
2015,0.1741607,-0.2197243,0.01158836
2015,-0.5728859,0.03397567,0.01138218
2015,0.2211625,-0.3422179,0.01130016
2015,0.2293387,-0.2479505,0.01119444
2015,-0.2622615,-0.5572388,0.01106486
2015,0.2384222,-0.3821258,0.0109643
2015,-0.48138,-0.1193531,0.01094973
2015,0.1218203,-0.06477877,0.01040496
2015,-0.987477,0.4062838,0.01024108
2015,-0.3723867,-0.5176899,0.01012115
2015,-0.8076738,0.441544,0.009565913
2015,-0.1092848,-0.2607894,0.008396379
2015,-0.4636681,0.3227043,0.008096936
2015,-0.5504062,-0.614043,0.007693761
2015,-0.9852381,0.3406586,0.007374916
2015,0.1550861,-0.5199497,0.007318229
2015,0.003406722,0.2317508,0.00724001
2015,-0.6646226,-0.9972084,0.007020798
2015,0.02497899,-0.3141679,0.006803539
2015,0.278068,0.1756279,0.006527422
2015,-0.3864626,-0.8921444,0.006139033
2015,0.5692562,-0.1808654,0.004913915
2015,0.2295663,0.6677131,0.004810305
2015,-0.01294243,0.7945664,0.004605295
2015,0.4468699,0.4258656,0.003685248
2015,0.6280639,1,0.003325298
2015,0.9307461,0.7964849,0.003280274
2015,0.660968,0.1469868,0.002931626
2015,1,0.5886087,0.002281525
2015,-0.1482727,-0.550448,0.2210006
2015,-0.1775627,-0.538251,0.2179453
2015,0.2261611,-0.2904666,0.2040176
2015,-0.1957298,-0.4795297,0.1846293
2015,-0.1391892,-0.5696155,0.1744675
2015,0.0774316,-0.2199001,0.1728846
2015,0.2229805,-0.3099806,0.1664687
2015,-0.4207543,-0.3225281,0.1574015
2015,-0.212079,0.3254938,0.1554973
2015,0.2186648,-0.3000503,0.1514815
2015,-0.1609859,-0.6349526,0.1460049
2015,-0.02724598,-0.6417449,0.1455922
2015,-0.03224147,-0.1367846,0.1395957
2015,-0.5420056,0.05628602,0.138624
2015,0.9071314,0.7776679,0.1334798
2015,-0.9974992,0.3964109,0.1321235
2015,-0.1800605,-0.5961009,0.1235681
2015,-0.1530406,-0.5882596,0.1211259
2015,0.2143148,-0.437127,0.1203092
2015,-0.1064909,-0.7639006,0.1155313
2015,-0.1441846,-0.6971639,0.1138234
2015,0.2302492,-0.2829777,0.1117254
2015,-0.158036,-0.5387667,0.1100364
2015,-0.001816399,-0.1341674,0.108924
2015,0.2041336,-0.2754867,0.1076727
2015,-0.05608384,-0.6138689,0.1021512
2015,-0.5220236,0.08381382,0.09993827
2015,-0.1980031,-0.6171849,0.0975315
2015,0.1036096,-0.09887245,0.09731282
2015,-0.1752926,-0.5342435,0.0922699
2015,-0.2515034,-0.395792,0.07891864
2015,-0.02474824,-0.6586521,0.0782963
2015,-0.4128059,-0.35023,0.07760548
2015,0.2549491,-0.3181021,0.07752992
2015,-0.004993927,-0.1322557,0.07528212
2015,-0.220252,0.3254938,0.07413453
2015,0.1841111,-0.3547828,0.06929704
2015,-0.48138,-0.1193531,0.06739032
2015,0.2629444,-0.3570343,0.06467993
2015,-0.5728859,0.03397567,0.06368407
2015,-0.2622615,-0.5572388,0.06339607
2015,0.2163947,-0.2723484,0.06308921
2015,0.1218203,-0.06477877,0.06090044
2015,-0.3723867,-0.5176899,0.06086946
2015,0.2899362,-0.4624676,0.05859421
2015,0.2057208,-0.3326343,0.05835562
2015,-0.987477,0.4062838,0.0580668
2015,-0.8076738,0.441544,0.0544081
2015,-0.1092848,-0.2607894,0.05406822
2015,-0.5504062,-0.614043,0.05372264
2015,0.1791156,-0.3914899,0.05305568
2015,-0.4636681,0.3227043,0.05279521
2015,0.1464017,-0.3591182,0.05117323
2015,-0.6646226,-0.9972084,0.04915231
2015,0.2792935,-0.3277608,0.04789422
2015,0.1550861,-0.5199497,0.04714435
2015,0.02497899,-0.3141679,0.0470311
2015,0.2293387,-0.2479505,0.0468707
2015,0.003406722,0.2317508,0.04646226
2015,0.1741607,-0.2197243,0.04589476
2015,0.2211625,-0.3422179,0.04575296
2015,-0.3864626,-0.8921444,0.04561098
2015,-0.9852381,0.3406586,0.04497347
2015,0.2384222,-0.3821258,0.04220657
2015,0.278068,0.1756279,0.04039086
2015,-0.01294243,0.7945664,0.03795186
2015,0.5692562,-0.1808654,0.03777048
2015,0.2295663,0.6677131,0.03437176
2015,0.9307461,0.7964849,0.03170466
2015,0.4468699,0.4258656,0.03105658
2015,0.6280639,1,0.02926699
2015,0.660968,0.1469868,0.02741881
2015,1,0.5886087,0.02344252
2015,0.660968,0.1469868,0.1355655
2015,0.1550861,-0.5199497,0.1313569
2015,1,0.5886087,0.1292226
2015,0.5692562,-0.1808654,0.1254983
2015,0.4468699,0.4258656,0.1237345
2015,-0.3864626,-0.8921444,0.1234438
2015,0.6280639,1,0.1232594
2015,-0.02474824,-0.6586521,0.1226056
2015,0.9307461,0.7964849,0.1210189
2015,0.2792935,-0.3277608,0.1209249
2015,-0.987477,0.4062838,0.1192352
2015,0.278068,0.1756279,0.1185244
2015,0.003406722,0.2317508,0.1185193
2015,-0.6646226,-0.9972084,0.1184269
2015,0.02497899,-0.3141679,0.1160492
2015,-0.8076738,0.441544,0.1150225
2015,-0.4636681,0.3227043,0.1141952
2015,-0.1064909,-0.7639006,0.1140949
2015,0.1464017,-0.3591182,0.1126563
2015,0.2057208,-0.3326343,0.1119674
2015,-0.2622615,-0.5572388,0.1114279
2015,-0.5728859,0.03397567,0.1110404
2015,-0.2515034,-0.395792,0.1109232
2015,-0.9852381,0.3406586,0.1107269
2015,-0.1092848,-0.2607894,0.1098537
2015,0.2293387,-0.2479505,0.1096768
2015,-0.48138,-0.1193531,0.1095993
2015,-0.4128059,-0.35023,0.1094456
2015,-0.05608384,-0.6138689,0.1089288
2015,-0.220252,0.3254938,0.1088264
2015,0.2295663,0.6677131,0.1087966
2015,-0.004993927,-0.1322557,0.1080405
2015,0.2143148,-0.437127,0.1063398
2015,-0.5504062,-0.614043,0.1057195
2015,-0.01294243,0.7945664,0.1054319
2015,-0.158036,-0.5387667,0.1047692
2015,-0.5220236,0.08381382,0.1047199
2015,-0.1980031,-0.6171849,0.1039827
2015,0.2302492,-0.2829777,0.1005843
2015,-0.1530406,-0.5882596,0.1002658
2015,-0.03224147,-0.1367846,0.09969482
2015,-0.1441846,-0.6971639,0.0959801
2015,-0.1609859,-0.6349526,0.09355485
2015,0.0774316,-0.2199001,0.09349678
2015,-0.1482727,-0.550448,0.08648392
2015,-0.1957298,-0.4795297,0.07934553
2015,0.2302492,-0.2829777,0.03856277
2015,0.2229805,-0.3099806,0.03607632
2015,0.2899362,-0.4624676,0.03606081
2015,-0.004993927,-0.1322557,0.03519764
2015,0.5572228,-0.382753,0.03510689
2015,-0.1775627,-0.538251,0.03396516
2015,-0.1391892,-0.5696155,0.03386484
2015,0.2041336,-0.2754867,0.03353948
2015,-0.1957298,-0.4795297,0.03319083
2015,-0.1530406,-0.5882596,0.03303205
2015,0.1841111,-0.3547828,0.03215035
2015,-0.1980031,-0.6171849,0.03191954
2015,0.2992381,-0.4456075,0.03190159
2015,0.2792935,-0.3277608,0.03168925
2015,-0.1752926,-0.5342435,0.03128671
2015,-0.1441846,-0.6971639,0.03122143
2015,-0.1064909,-0.7639006,0.03099941
2015,0.2629444,-0.3570343,0.03081547
2015,0.2057208,-0.3326343,0.03080935
2015,-0.4128059,-0.35023,0.03057139
2015,-0.48138,-0.1193531,0.03036787
2015,-0.220252,0.3254938,0.03000902
2015,0.3092103,-0.4394337,0.02982262
2015,0.1036096,-0.09887245,0.0298053
2015,0.2384222,-0.3821258,0.02973159
2015,-0.1482727,-0.5504414,0.02908689
2015,0.2327469,-0.2943037,0.02855561
2015,0.9307461,0.7964849,0.02850478
2015,0.9071314,0.7776679,0.02790774
2015,-0.5728859,0.03397567,0.02641033
2015,0.1550861,-0.5199497,0.02353087
2015,0.5692562,-0.1808654,0.02220598
2015,-0.1793807,-0.6440188,0.02644477
2015,-0.1064909,-0.7639006,0.01569896
2015,-0.1800605,-0.5961009,0.01499167
2015,-0.1530406,-0.5882596,0.01087238
2015,-0.1980031,-0.6171849,0.01038609
2015,-0.1441846,-0.6971639,0.009711839
2015,0.2899362,-0.4624676,0.008371533
2015,0.2629444,-0.3570343,0.004070034
2015,0.1550861,-0.5199497,0.002786926
2015,0.2327469,-0.2943037,0.002780427
2015,-0.9852381,0.3406586,0.002418033
2015,-0.6646226,-0.9972084,0.002348561
2015,-0.01294243,0.7945664,0.002104028
2015,-0.1092848,-0.2607894,0.00196049
2015,1,0.5886087,0.0009776311
2015,0.2041336,-0.2754867,0.01172498
2015,0.2629444,-0.3570343,0.005526896
2015,-0.1530406,-0.5882596,0.004205866
2015,-0.1441846,-0.6971639,0.003986412
2015,0.2549491,-0.3181021,0.00373165
2015,-0.1980031,-0.6171849,0.003379974
2015,0.2384222,-0.3821258,0.001994972
2015,-0.1064909,-0.7639006,0.001608938
2016,0.2041336,-0.2754867,0.002765507
2016,0.2629444,-0.3570343,0.002047392
2016,0.2549491,-0.3181021,0.001849651
2016,0.2384222,-0.3821258,0.001372208
2016,0.2229805,-0.3099806,0.00549203
2016,-0.1775627,-0.538251,0.005108119
2016,-0.1775627,-0.538251,0.005108119
2016,0.2186648,-0.3000503,0.005106511
2016,-0.212079,0.3254938,0.004663744
2016,0.2041336,-0.2754867,0.003991177
2016,-0.5420056,0.05628602,0.003956953
2016,0.2302492,-0.2829777,0.003944845
2016,0.0774316,-0.2199001,0.003586548
2016,-0.1391892,-0.5696155,0.003541154
2016,-0.1391892,-0.5696155,0.003541154
2016,-0.1530406,-0.5882596,0.003024636
2016,-0.5728859,0.03397567,0.002720766
2016,-0.220252,0.3254938,0.002520527
2016,-0.1752926,-0.5342435,0.002443861
2016,0.2792935,-0.3277608,0.002371469
2016,-0.987477,0.4062838,0.002311143
2016,0.2057208,-0.3326343,0.002254646
2016,-0.1064909,-0.7639006,0.002228657
2016,-0.1064909,-0.7639006,0.002228657
2016,0.2293387,-0.2479505,0.002219547
2016,0.2293387,-0.2479505,0.002219547
2016,0.1031356,0.9913188,0.002084514
2016,-0.4636681,0.3227043,0.002056525
2016,-0.4636681,0.3227043,0.002056525
2016,0.02497899,-0.3141679,0.001882956
2016,0.2295663,0.6677131,0.001762451
2016,0.1550861,-0.5199497,0.001589606
2016,0.6280639,1,0.00156108
2016,0.9307461,0.7964849,0.00139201
2016,0.2229805,-0.3099806,1
2016,-0.212079,0.3254938,0.9162092
2016,0.2899362,-0.4624676,0.8625277
2016,0.2302492,-0.2829777,0.8423165
2016,0.2057208,-0.3326343,0.6930448
2016,0.1841111,-0.3547828,0.6877486
2016,-0.1092848,-0.2607894,0.5394124
2016,0.2261611,-0.2904666,0.1203614
2016,0.2229805,-0.3099806,0.1193138
2016,-0.1482727,-0.550448,0.1105305
2016,-0.1775627,-0.538251,0.104524
2016,0.2186648,-0.3000503,0.1025495
2016,-0.1391892,-0.5696155,0.09403796
2016,-0.1957298,-0.4795297,0.09320965
2016,0.2302492,-0.2829777,0.09088522
2016,0.2041336,-0.2754867,0.08966075
2016,-0.02724598,-0.6417449,0.08609918
2016,-0.4207543,-0.3225281,0.08451697
2016,-0.212079,0.3254938,0.08284971
2016,0.0774316,-0.2199001,0.08114014
2016,-0.1530406,-0.5882596,0.08113374
2016,-0.1609859,-0.6349526,0.07965414
2016,-0.1441846,-0.6971639,0.07946044
2016,-0.5420056,0.05628602,0.07814784
2016,-0.03224147,-0.1367846,0.07767259
2016,-0.158036,-0.5387667,0.07591222
2016,0.2163947,-0.2723484,0.07418974
2016,0.2549491,-0.3181021,0.07387118
2016,0.1841111,-0.3547828,0.07295552
2016,-0.1064909,-0.7639006,0.07179911
2016,0.2143148,-0.437127,0.07178919
2016,-0.9974992,0.3964109,0.07115087
2016,-0.001816399,-0.1341674,0.06968797
2016,0.9071314,0.7776679,0.06856216
2016,-0.1980031,-0.6171849,0.06835957
2016,-0.05608384,-0.6138689,0.06833066
2016,0.2899362,-0.4624676,0.06811187
2016,0.2629444,-0.3570343,0.06781312
2016,-0.1752926,-0.5342435,0.06777458
2016,-0.5220236,0.08381382,0.0635753
2016,0.2057208,-0.3326343,0.06209675
2016,-0.02474824,-0.6586521,0.06191953
2016,0.1036096,-0.09887245,0.0618939
2016,0.1791156,-0.3914899,0.06127016
2016,0.2293387,-0.2479505,0.05924852
2016,0.2792935,-0.3277608,0.05832707
2016,0.1464017,-0.3591182,0.05807634
2016,-0.4128059,-0.35023,0.05732753
2016,-0.004993927,-0.1322557,0.056932
2016,-0.2515034,-0.395792,0.05641849
2016,-0.220252,0.3254938,0.0559784
2016,0.1741607,-0.2197243,0.05439467
2016,0.2211625,-0.3422179,0.05418858
2016,0.2384222,-0.3821258,0.05040113
2016,-0.48138,-0.1193531,0.04948475
2016,-0.5728859,0.03397567,0.04824746
2016,-0.2622615,-0.5572388,0.0474541
2016,0.02497899,-0.3141679,0.04668051
2016,0.1218203,-0.06477877,0.04597941
2016,-0.3723867,-0.5176899,0.04538153
2016,-0.987477,0.4062838,0.04452901
2016,-0.1092848,-0.2607894,0.04376909
2016,-0.8076738,0.441544,0.04221203
2016,-0.5504062,-0.614043,0.04204049
2016,-0.4636681,0.3227043,0.04126904
2016,-0.3864626,-0.8921444,0.03926064
2016,-0.6646226,-0.9972084,0.03915575
2016,0.003406722,0.2317508,0.03730968
2016,0.1550861,-0.5199497,0.03695663
2016,-0.9852381,0.3406586,0.0352371
2016,-0.01294243,0.7945664,0.03469759
2016,0.5692562,-0.1808654,0.03251638
2016,0.4468699,0.4258656,0.03084168
2016,0.2295663,0.6677131,0.03076089
2016,0.9307461,0.7964849,0.02899445
2016,0.660968,0.1469868,0.02656087
2016,0.6280639,1,0.02652933
2016,1,0.5886087,0.02264365
2016,0.2261611,-0.2904666,0.126288
2016,0.2229805,-0.3099806,0.1058335
2016,0.2186648,-0.3000503,0.09223152
2016,-0.1482727,-0.550448,0.0808005
2016,-0.1775627,-0.538251,0.07314087
2016,-0.4207543,-0.3225281,0.06212097
2016,-0.1957298,-0.4795297,0.05833589
2016,0.0774316,-0.2199001,0.05778008
2016,0.2302492,-0.2829777,0.05658647
2016,-0.212079,0.3254938,0.05515926
2016,0.2041336,-0.2754867,0.05508981
2016,0.9071314,0.7776679,0.05005365
2016,-0.1391892,-0.5696155,0.04848249
2016,-0.1609859,-0.6349526,0.04837341
2016,-0.03224147,-0.1367846,0.04835091
2016,-0.02724598,-0.6417449,0.0483266
2016,-0.5420056,0.05628602,0.04441829
2016,-0.9974992,0.3964109,0.04393109
2016,0.2143148,-0.437127,0.04069466
2016,-0.1530406,-0.5882596,0.03394701
2016,-0.1064909,-0.7639006,0.03354518
2016,-0.001816399,-0.1341674,0.03336489
2016,0.1841111,-0.3547828,0.03268255
2016,-0.1441846,-0.6971639,0.03261125
2016,0.1036096,-0.09887245,0.03156982
2016,0.2549491,-0.3181021,0.03103191
2016,0.2629444,-0.3570343,0.03079035
2016,-0.5220236,0.08381382,0.02874762
2016,-0.05608384,-0.6138689,0.02670365
2016,-0.158036,-0.5387667,0.0248098
2016,0.2899362,-0.4624676,0.02426118
2016,-0.1980031,-0.6171849,0.02424409
2016,0.2163947,-0.2723484,0.02073039
2016,-0.1752926,-0.5342435,0.02036104
2016,0.1464017,-0.3591182,0.02009358
2016,0.1791156,-0.3914899,0.01955558
2016,0.2792935,-0.3277608,0.01884729
2016,-0.02474824,-0.6586521,0.01867826
2016,-0.004993927,-0.1322557,0.01861938
2016,0.1741607,-0.2197243,0.01700416
2016,-0.4128059,-0.35023,0.01687175
2016,0.2293387,-0.2479505,0.01623924
2016,0.2211625,-0.3422179,0.01578097
2016,-0.5728859,0.03397567,0.01558383
2016,0.2384222,-0.3821258,0.01529737
2016,-0.220252,0.3254938,0.01513268
2016,0.2057208,-0.3326343,0.01503888
2016,0.1218203,-0.06477877,0.01420343
2016,-0.48138,-0.1193531,0.01385357
2016,-0.987477,0.4062838,0.01327232
2016,-0.8076738,0.441544,0.0126265
2016,-0.1092848,-0.2607894,0.01216228
2016,-0.2622615,-0.5572388,0.01092683
2016,-0.4636681,0.3227043,0.01047904
2016,0.003406722,0.2317508,0.009688537
2016,-0.6646226,-0.9972084,0.009457345
2016,0.02497899,-0.3141679,0.009375772
2016,-0.9852381,0.3406586,0.009361347
2016,-0.5504062,-0.614043,0.008780871
2016,-0.3864626,-0.8921444,0.007545837
2016,-0.01294243,0.7945664,0.006052185
2016,0.5692562,-0.1808654,0.006049757
2016,0.2295663,0.6677131,0.005836791
2016,0.4468699,0.4258656,0.005381705
2016,0.9307461,0.7964849,0.004884133
2016,0.6280639,1,0.004007152
2016,0.660968,0.1469868,0.003916871
2016,1,0.5886087,0.003000942
2016,0.2261611,-0.2904666,0.3133945
2016,0.2229805,-0.3099806,0.2815522
2016,0.2186648,-0.3000503,0.2436871
2016,-0.1482727,-0.550448,0.2336411
2016,-0.1775627,-0.538251,0.2162854
2016,-0.1957298,-0.4795297,0.1823978
2016,-0.4207543,-0.3225281,0.1790579
2016,0.2302492,-0.2829777,0.177582
2016,0.2041336,-0.2754867,0.1740067
2016,0.0774316,-0.2199001,0.1687028
2016,-0.1391892,-0.5696155,0.1680824
2016,-0.212079,0.3254938,0.1674662
2016,-0.02724598,-0.6417449,0.159297
2016,-0.1609859,-0.6349526,0.1531269
2016,-0.03224147,-0.1367846,0.1505217
2016,-0.5420056,0.05628602,0.1458592
2016,0.9071314,0.7776679,0.1441362
2016,-0.9974992,0.3964109,0.1392238
2016,0.2143148,-0.437127,0.1332993
2016,-0.1530406,-0.5882596,0.133088
2016,-0.1441846,-0.6971639,0.1293699
2016,-0.1064909,-0.7639006,0.1230865
2016,0.2549491,-0.3181021,0.1218036
2016,-0.001816399,-0.1341674,0.1195629
2016,0.1841111,-0.3547828,0.1186671
2016,0.2629444,-0.3570343,0.1153638
2016,-0.158036,-0.5387667,0.1126609
2016,-0.05608384,-0.6138689,0.1089228
2016,0.1036096,-0.09887245,0.1088515
2016,-0.5220236,0.08381382,0.1068882
2016,0.2163947,-0.2723484,0.1063333
2016,0.2899362,-0.4624676,0.1056404
2016,-0.1980031,-0.6171849,0.1054593
2016,-0.1752926,-0.5342435,0.0990046
2016,0.1791156,-0.3914899,0.09156272
2016,-0.02474824,-0.6586521,0.08921686
2016,0.1464017,-0.3591182,0.0892152
2016,0.2792935,-0.3277608,0.08752443
2016,0.2057208,-0.3326343,0.08546279
2016,0.2293387,-0.2479505,0.08445054
2016,-0.004993927,-0.1322557,0.08395775
2016,-0.2515034,-0.395792,0.08286636
2016,-0.4128059,-0.35023,0.08224794
2016,0.1741607,-0.2197243,0.0807547
2016,0.2211625,-0.3422179,0.07866678
2016,-0.220252,0.3254938,0.0782648
2016,0.2384222,-0.3821258,0.07412288
2016,-0.5728859,0.03397567,0.07138039
2016,-0.48138,-0.1193531,0.0707382
2016,0.1218203,-0.06477877,0.06571902
2016,-0.987477,0.4062838,0.06437161
2016,-0.2622615,-0.5572388,0.06352883
2016,-0.3723867,-0.5176899,0.06337445
2016,-0.1092848,-0.2607894,0.06112409
2016,-0.8076738,0.441544,0.06107626
2016,0.02497899,-0.3141679,0.06018117
2016,-0.4636681,0.3227043,0.05653265
2016,-0.5504062,-0.614043,0.0545598
2016,-0.6646226,-0.9972084,0.05346312
2016,0.003406722,0.2317508,0.05053348
2016,-0.3864626,-0.8921444,0.05046178
2016,0.1550861,-0.5199497,0.04974891
2016,-0.9852381,0.3406586,0.04940585
2016,-0.01294243,0.7945664,0.04235762
2016,0.5692562,-0.1808654,0.04008547
2016,0.2295663,0.6677131,0.03794163
2016,0.4468699,0.4258656,0.03738064
2016,0.9307461,0.7964849,0.03476444
2016,0.660968,0.1469868,0.03147858
2016,0.6280639,1,0.03126297
2016,1,0.5886087,0.02590378
2016,0.660968,0.1469868,0.1265311
2016,0.5692562,-0.1808654,0.1256831
2016,0.1550861,-0.5199497,0.1224777
2016,-0.3864626,-0.8921444,0.1195935
2016,0.9307461,0.7964849,0.1194907
2016,1,0.5886087,0.1181624
2016,-0.02474824,-0.6586521,0.117483
2016,0.4468699,0.4258656,0.1147208
2016,-0.987477,0.4062838,0.1143666
2016,0.6280639,1,0.1137742
2016,-0.6646226,-0.9972084,0.1132672
2016,-0.4636681,0.3227043,0.1083219
2016,0.2295663,0.6677131,0.1082014
2016,-0.1064909,-0.7639006,0.107229
2016,0.02497899,-0.3141679,0.1049911
2016,0.2057208,-0.3326343,0.104917
2016,0.2293387,-0.2479505,0.1049144
2016,0.1464017,-0.3591182,0.1047136
2016,0.003406722,0.2317508,0.1045066
2016,-0.8076738,0.441544,0.1040455
2016,-0.05608384,-0.6138689,0.1037729
2016,-0.2515034,-0.395792,0.1032464
2016,-0.1092848,-0.2607894,0.1031913
2016,0.2143148,-0.437127,0.1030223
2016,-0.2622615,-0.5572388,0.1029751
2016,-0.004993927,-0.1322557,0.1024782
2016,-0.220252,0.3254938,0.1021843
2016,-0.5220236,0.08381382,0.1021362
2016,-0.5504062,-0.614043,0.1020133
2016,-0.48138,-0.1193531,0.1016153
2016,0.278068,0.1756279,0.1015392
2016,-0.4128059,-0.35023,0.101489
2016,-0.01294243,0.7945664,0.1003389
2016,-0.5728859,0.03397567,0.09951983
2016,-0.158036,-0.5387667,0.09916231
2016,-0.9852381,0.3406586,0.09806218
2016,-0.1980031,-0.6171849,0.09716591
2016,-0.03224147,-0.1367846,0.09215581
2016,0.2302492,-0.2829777,0.09203192
2016,-0.1441846,-0.6971639,0.09169068
2016,-0.1530406,-0.5882596,0.09146718
2016,-0.1609859,-0.6349526,0.09122334
2016,0.0774316,-0.2199001,0.08204044
2016,-0.1482727,-0.550448,0.07990188
2016,-0.1957298,-0.4795297,0.07654473
2016,0.5572228,-0.382753,0.06827508
2016,0.9071314,0.7776679,0.05605055
2016,0.2229805,-0.3099806,0.0558342
2016,0.2792935,-0.3277608,0.05555134
2016,-0.02724598,-0.6417449,0.05507059
2016,0.2186648,-0.3000503,0.05498532
2016,0.2629444,-0.3570343,0.05314742
2016,-0.1775627,-0.538251,0.05288867
2016,-0.212079,0.3254938,0.05271536
2016,0.2302492,-0.2829777,0.05267004
2016,0.1889632,-0.3124827,0.05201485
2016,0.2327469,-0.2943037,0.05138499
2016,-0.4207543,-0.3225281,0.05128876
2016,-0.5420056,0.05628602,0.0505386
2016,-0.1609859,-0.6349526,0.05046126
2016,-0.158036,-0.5387667,0.04964595
2016,0.2143148,-0.437127,0.04913316
2016,0.2041336,-0.2754867,0.04864357
2016,0.2899362,-0.4624676,0.04829071
2016,-0.5728859,0.03397567,0.04816363
2016,-0.02474824,-0.6586521,0.04776966
2016,-0.4128059,-0.35023,0.04766457
2016,-0.1064909,-0.7639006,0.0475303
2016,-0.1752926,-0.5342435,0.04703373
2016,-0.1482727,-0.550448,0.04694615
2016,-0.6646226,-0.9972084,0.04681565
2016,-0.1391892,-0.5696155,0.04680117
2016,-0.9974992,0.3964109,0.04680107
2016,-0.001816399,-0.1341674,0.04631182
2016,-0.48138,-0.1193531,0.04627554
2016,-0.4636681,0.3227043,0.04615835
2016,0.1841111,-0.3547828,0.04600645
2016,0.2549491,-0.3181021,0.04583697
2016,-0.03224147,-0.1367846,0.0458185
2016,-0.5220236,0.08381382,0.045423
2016,0.1791156,-0.3914899,0.04533397
2016,0.1036096,-0.09887245,0.04496777
2016,0.003406722,0.2317508,0.04471586
2016,-0.1530406,-0.5882596,0.0444808
2016,-0.1980031,-0.6171849,0.04370878
2016,-0.05608384,-0.6138689,0.04341755
2016,-0.2515034,-0.395792,0.0431332
2016,0.0774316,-0.2199001,0.04294585
2016,0.2384222,-0.3821258,0.04292537
2016,0.660968,0.1469868,0.04280249
2016,-0.01294243,0.7945664,0.04240883
2016,-0.3723867,-0.5176899,0.04233608
2016,0.02497899,-0.3141679,0.04209476
2016,-0.2622615,-0.5572388,0.04196756
2016,0.4468699,0.4258656,0.04172872
2016,0.278068,0.1756279,0.04136142
2016,-0.9852381,0.3406586,0.04083493
2016,-0.1957298,-0.4795297,0.04021161
2016,0.2057208,-0.3326343,0.04020479
2016,-0.5504062,-0.614043,0.03975641
2016,-0.987477,0.4062838,0.03917394
2016,0.2295663,0.6677131,0.03904372
2016,0.1218203,-0.06477877,0.03882119
2016,0.5692562,-0.1808654,0.03875117
2016,0.3092103,-0.4394337,0.03872626
2016,0.1550861,-0.5199497,0.03870067
2016,0.6280639,1,0.03807673
2016,-0.1092848,-0.2607894,0.03798737
2016,1,0.5886087,0.03704362
2016,0.1464017,-0.3591182,0.03690373
2016,0.3721466,-0.2995118,0.03566365
2016,-0.1441846,-0.6971639,0.03529136
2016,0.5572228,-0.382753,0.03867739
2016,0.2629444,-0.3570343,0.03612378
2016,0.2302492,-0.2829777,0.03604202
2016,0.2327469,-0.2943037,0.03474874
2016,-0.1775627,-0.538251,0.03371781
2016,0.1841111,-0.3547828,0.03367996
2016,0.2229805,-0.3099806,0.03360207
2016,0.2384222,-0.3821258,0.03105853
2016,0.2041336,-0.2754867,0.03030456
2016,0.2792935,-0.3277608,0.02968037
2016,-0.4128059,-0.35023,0.02958838
2016,-0.004993927,-0.1322557,0.02940005
2016,0.2899362,-0.4624676,0.02912751
2016,-0.1752926,-0.5342435,0.02841933
2016,-0.1957298,-0.4795297,0.028259
2016,-0.5728859,0.03397567,0.02791214
2016,-0.48138,-0.1193531,0.02734817
2016,-0.1530406,-0.5882596,0.02724488
2016,0.1031356,0.9913188,0.0269329
2016,-0.220252,0.3254938,0.02690043
2016,-0.1482727,-0.5504414,0.02651159
2016,0.3092103,-0.4394337,0.02641608
2016,-0.158036,-0.5387667,0.026257
2016,-0.4207543,-0.3225281,0.0261667
2016,0.2057208,-0.3326343,0.02606776
2016,-0.1391892,-0.5696155,0.02605588
2016,0.9307461,0.7964849,0.02605563
2016,-0.212079,0.3254938,0.02602522
2016,0.9071314,0.7776679,0.02588769
2016,0.1036096,-0.09887245,0.02542066
2016,-0.001816399,-0.1341674,0.02539337
2016,-0.02474824,-0.6586521,0.02448227
2016,-0.987477,0.4062838,0.02338687
2016,0.0774316,-0.2199001,0.02335306
2016,-0.1609859,-0.6349526,0.02312551
2016,-0.9974992,0.3964109,0.02308494
2016,0.003406722,0.2317508,0.02238586
2016,-0.1092848,-0.2607894,0.02213464
2016,1,0.5886087,0.02182601
2016,-0.4636681,0.3227043,0.02179794
2016,-0.1441846,-0.6971639,0.02137053
2016,0.5692562,-0.1808654,0.02129869
2016,0.1550861,-0.5199497,0.02039079
2016,-0.1793807,-0.6440188,0.02077541
2016,-0.1980031,-0.6171849,0.01672837
2016,-0.1064909,-0.7639006,0.01292116
2016,0.2899362,-0.4624676,0.008749269
2016,-0.1441846,-0.6971639,0.007338557
2016,0.2629444,-0.3570343,0.00304442
2016,0.1550861,-0.5199497,0.002415903
2016,-0.6646226,-0.9972084,0.002402656
2016,-0.01294243,0.7945664,0.002282165
2016,0.2327469,-0.2943037,0.002184175
2016,-0.1092848,-0.2607894,0.001548102
2016,1,0.5886087,0.0008534897
2016,0.2041336,-0.2754867,0.008373293
2016,0.2629444,-0.3570343,0.005131142
2016,0.2549491,-0.3181021,0.003722288
2016,0.2384222,-0.3821258,0.002934676
