hood,1996,1997,1998,1999,2000,2001,2002,2003,2004,2005,2006,2007,2008,2009,2010,2011,2012,2013,2014,2015,2016,2017,2018,2019,2020,2021,2022,2023,2024,2025,2026,2027,2028,2029,2030,2031,2032,2033,2034,2035,2036,2037,2038,2039,2040,2041,2042,2043,2044,2045,2046,2047,2048,2049,2050,2051,2052,2053,2054,2055
A01 Burgwallen-Nieuwe Zijde,4296,4172,3899,3833,3846,3801,3673,3633,3597,3585,3676,3791,3799,4006,4048,4468,4495,4407,4394,4485,4199,3981,3991,4200,4219,4239,4259,4278,4298,4318,4337,4357,4377,4396,4416,4436,4455,4475,4495,4514,4534,4554,4573,4593,4613,4632,4652,4672,4691,4711,4731,4750,4770,4789,4809,4829,4848,4868,4888,4907
A02 Grachtengordel-West,6967,6955,6889,7089,7241,7196,7176,7211,7651,8372,8412,8464,8240,7986,6890,6800,6939,7033,6991,7001,6429,6483,6371,7005,6981,6956,6932,6907,6882,6858,6833,6809,6784,6759,6735,6710,6686,6661,6636,6612,6587,6563,6538,6513,6489,6464,6439,6415,6390,6366,6341,6316,6292,6267,6243,6218,6193,6169,6144,6120
A03 Grachtengordel-Zuid,4233,4196,4101,4114,4253,4250,4221,4132,4134,4164,4200,4225,4180,4154,4188,4233,4343,4274,4327,4407,5388,5455,5407,4780,4821,4862,4903,4943,4984,5025,5066,5106,5147,5188,5229,5269,5310,5351,5392,5432,5473,5514,5554,5595,5636,5677,5717,5758,5799,5840,5880,5921,5962,6003,6043,6084,6125,6166,6206,6247
A04 Nieuwmarkt/Lastage,7995,7888,7805,7871,8392,8625,8585,8595,8547,8680,8819,8812,8545,8667,8783,8808,9008,9021,9324,9443,9539,9618,9649,9490,9566,9641,9716,9791,9866,9941,10016,10091,10166,10241,10316,10391,10466,10541,10616,10691,10766,10841,10916,10991,11067,11142,11217,11292,11367,11442,11517,11592,11667,11742,11817,11892,11967,12042,12117,12192
A05 Haarlemmerbuurt,7029,6994,6897,6958,7013,6991,6923,6897,6893,7050,7143,7095,6978,7192,7918,8704,8925,9046,9214,9320,9294,9314,9304,9139,9274,9409,9545,9680,9815,9950,10086,10221,10356,10491,10627,10762,10897,11032,11168,11303,11438,11573,11709,11844,11979,12114,12250,12385,12520,12655,12790,12926,13061,13196,13331,13467,13602,13737,13872,14008
A06 Jordaan,18981,18945,18628,18574,18681,18733,18610,18537,18376,18524,18772,18890,18855,18686,18662,18930,18982,19093,19125,19343,19401,19408,19316,19182,19213,19244,19275,19306,19337,19368,19399,19430,19461,19492,19523,19554,19585,19616,19647,19678,19709,19740,19771,19802,19833,19864,19895,19926,19957,19988,20019,20050,20081,20112,20144,20175,20206,20237,20268,20299
A07 De Weteringschans,6803,6788,6579,6630,6714,6686,6708,6643,6545,6629,6855,6883,6919,6880,6861,6973,7101,7146,7293,7299,7357,7352,7256,7250,7285,7319,7353,7387,7421,7456,7490,7524,7558,7592,7626,7661,7695,7729,7763,7797,7832,7866,7900,7934,7968,8002,8037,8071,8105,8139,8173,8207,8242,8276,8310,8344,8378,8413,8447,8481
A08 Weesperbuurt/Plantage,7377,7389,7394,7373,7426,7296,7274,7294,7319,7402,7591,7472,7252,7248,7365,7294,7518,7405,7719,7682,7845,7943,7894,7678,7699,7719,7740,7761,7782,7803,7824,7845,7866,7887,7908,7929,7950,7970,7991,8012,8033,8054,8075,8096,8117,8138,8159,8180,8201,8222,8242,8263,8284,8305,8326,8347,8368,8389,8410,8431
A09 Oostelijke Eilanden/Kadijken,11956,11866,11804,11845,11865,11863,11758,11729,11823,11812,12050,12611,12319,12745,12807,12603,12791,13103,13140,12925,12704,12655,12988,12991,13056,13121,13187,13252,13317,13382,13448,13513,13578,13644,13709,13774,13840,13905,13970,14036,14101,14166,14232,14297,14362,14427,14493,14558,14623,14689,14754,14819,14885,14950,15015,15081,15146,15211,15276,15342
B10 Westelijk Havengebied,232,183,175,272,279,280,284,258,240,239,241,233,251,249,229,244,240,242,294,236,202,200,192,232,231,230,230,229,228,228,227,226,225,225,224,223,223,222,221,220,220,219,218,218,217,216,216,215,214,213,213,212,211,211,210,209,208,208,207,206
B11 Bedrijventerrein Sloterdijk,92,137,148,137,135,121,124,115,87,90,101,102,119,106,160,165,194,206,212,187,0,0,0,105,103,102,100,99,98,96,95,93,92,90,89,88,86,85,83,82,80,79,78,76,75,73,72,70,69,68,66,65,63,62,60,59,58,56,55,53
E12 Houthavens,250,236,210,206,195,171,242,280,593,639,1045,1700,1680,1817,1878,1749,1943,1909,1706,1585,1602,1044,1065,1851,1933,2015,2097,2178,2260,2342,2424,2506,2588,2669,2751,2833,2915,2997,3079,3161,3242,3324,3406,3488,3570,3652,3734,3815,3897,3979,4061,4143,4225,4307,4388,4470,4552,4634,4716,4798
E13 Spaarndammer- en Zeeheldenbuurt,11810,11592,11484,11444,11422,11395,11530,11416,11040,10811,10495,10357,10187,10002,9917,9968,10319,10583,10645,10695,10761,10888,10801,10276,10219,10162,10104,10047,9989,9932,9875,9817,9760,9702,9645,9588,9530,9473,9415,9358,9301,9243,9186,9128,9071,9014,8956,8899,8841,8784,8727,8669,8612,8554,8497,8440,8382,8325,8267,8210
E14 Staatsliedenbuurt,11756,11427,11476,11583,11810,11679,11748,11875,11996,12057,12121,12095,12100,12094,11875,11921,12094,12400,12504,12754,13056,13187,13268,12803,12871,12939,13006,13074,13142,13210,13278,13345,13413,13481,13549,13617,13684,13752,13820,13888,13955,14023,14091,14159,14227,14294,14362,14430,14498,14566,14633,14701,14769,14837,14905,14972,15040,15108,15176,15244
E15 Centrale Markt,974,1003,1025,1752,2281,2304,2293,2311,2314,2331,2296,2363,2441,2617,2615,2586,2596,2587,2559,2538,2534,2501,2452,2812,2870,2929,2987,3045,3104,3162,3220,3278,3337,3395,3453,3512,3570,3628,3686,3745,3803,3861,3920,3978,4036,4094,4153,4211,4269,4328,4386,4444,4502,4561,4619,4677,4736,4794,4852,4910
E16 Frederik Hendrikbuurt,8078,8137,8202,8203,8058,8173,8229,8074,7856,7479,7625,7565,7651,7790,7862,7831,7920,7876,7991,8143,8377,8496,8414,8044,8048,8052,8056,8061,8065,8069,8073,8077,8082,8086,8090,8094,8099,8103,8107,8111,8115,8120,8124,8128,8132,8137,8141,8145,8149,8154,8158,8162,8166,8170,8175,8179,8183,8187,8192,8196
E17 Da Costabuurt,4533,4486,4339,4263,4289,4329,4332,4259,4215,4304,4314,4261,4250,4349,4350,4395,4429,4448,4564,4659,4661,4688,4742,4554,4569,4583,4597,4612,4626,4640,4655,4669,4683,4698,4712,4726,4740,4755,4769,4783,4798,4812,4826,4841,4855,4869,4884,4898,4912,4927,4941,4955,4969,4984,4998,5012,5027,5041,5055,5070
E18 Kinkerbuurt,5622,5453,5375,5406,5262,5320,5305,5272,5273,5271,5224,5181,5060,5028,5044,5140,5172,5399,5976,6129,6208,6358,6391,5806,5839,5873,5906,5939,5973,6006,6039,6073,6106,6139,6173,6206,6239,6273,6306,6339,6373,6406,6439,6473,6506,6539,6573,6606,6639,6673,6706,6739,6773,6806,6839,6873,6906,6939,6973,7006
E19 Van Lennepbuurt,7007,7016,6953,6979,6910,6976,7012,6943,6880,6791,6632,6536,6608,6630,6709,6775,6824,6937,6914,7077,7131,7078,6985,6884,6884,6884,6884,6884,6884,6884,6884,6884,6884,6884,6885,6885,6885,6885,6885,6885,6885,6885,6885,6885,6885,6885,6886,6886,6886,6886,6886,6886,6886,6886,6886,6886,6886,6887,6887,6887
E20 Helmersbuurt,6946,6746,6756,6734,6736,6755,6672,6570,6607,6723,6773,6839,6811,6788,6903,7120,7235,7337,7456,7474,7527,7506,7470,7381,7421,7462,7502,7542,7583,7623,7663,7704,7744,7784,7825,7865,7905,7946,7986,8026,8067,8107,8147,8188,8228,8269,8309,8349,8390,8430,8470,8511,8551,8591,8632,8672,8712,8753,8793,8833
E21 Overtoomse Sluis,7575,7277,7366,7280,7158,7066,7036,7049,7050,7105,7157,7156,7093,7007,7058,7243,7476,7547,7605,7720,7747,7788,7807,7551,7574,7597,7620,7644,7667,7690,7713,7736,7759,7782,7805,7828,7851,7874,7897,7921,7944,7967,7990,8013,8036,8059,8082,8105,8128,8151,8175,8198,8221,8244,8267,8290,8313,8336,8359,8382
E22 Vondelbuurt,1710,1856,1781,1763,1768,1797,1795,1790,1716,1705,1740,1746,1707,1682,1696,1728,1720,1752,1805,1864,1898,1868,1897,1805,1809,1812,1815,1818,1822,1825,1828,1831,1835,1838,1841,1844,1847,1851,1854,1857,1860,1864,1867,1870,1873,1876,1880,1883,1886,1889,1893,1896,1899,1902,1905,1909,1912,1915,1918,1922
E36 Sloterdijk,74,84,83,87,83,82,80,82,82,82,88,95,101,103,104,99,113,113,122,102,503,515,529,287,301,314,328,342,356,370,384,398,411,425,439,453,467,481,495,508,522,536,550,564,578,592,606,619,633,647,661,675,689,703,716,730,744,758,772,786
E37 Landlust,19108,18775,18439,18352,18233,18204,18167,17895,17776,17947,18180,18325,18110,17841,17513,17965,18299,18098,18408,18577,18742,19082,18652,18321,18324,18327,18330,18333,18336,18339,18342,18345,18348,18351,18354,18357,18360,18363,18366,18369,18372,18375,18378,18381,18384,18387,18390,18393,18396,18399,18402,18405,18408,18411,18414,18417,18420,18423,18426,18429
E38 Erasmuspark,5933,5872,5838,5710,5723,5670,5669,5691,5611,5616,5370,5176,5073,5068,5531,5500,5658,5710,5792,5775,5898,5891,5765,5609,5607,5605,5602,5600,5598,5595,5593,5591,5588,5586,5584,5582,5579,5577,5575,5572,5570,5568,5565,5563,5561,5559,5556,5554,5552,5549,5547,5545,5542,5540,5538,5536,5533,5531,5529,5526
E39 De Kolenkit,6794,6683,6687,6686,6799,6890,7002,6992,7314,7575,7351,6847,7010,7033,7219,7313,7215,7952,8605,9293,9220,9577,9918,8815,8940,9065,9191,9316,9441,9566,9691,9816,9941,10066,10191,10317,10442,10567,10692,10817,10942,11067,11192,11317,11443,11568,11693,11818,11943,12068,12193,12318,12443,12568,12694,12819,12944,13069,13194,13319
E40 De Krommert,12825,12561,12458,12345,12366,12349,12286,12228,11976,11939,12135,11898,11861,11961,11814,11949,12153,12302,12845,12967,6751,6840,6935,9896,9730,9564,9398,9233,9067,8901,8735,8569,8403,8238,8072,7906,7740,7574,7409,7243,7077,6911,6745,6579,6414,6248,6082,5916,5750,5584,5419,5253,5087,4921,4755,4590,4424,4258,4092,3926
E41 Van Galenbuurt,6183,6070,6055,5893,5576,5475,5654,5735,5643,5545,5656,5628,5499,5414,5460,5502,5542,5583,6407,6669,6749,6992,6977,6249,6283,6317,6351,6385,6419,6453,6487,6521,6555,6589,6623,6657,6691,6725,6759,6793,6827,6861,6895,6929,6963,6997,7031,7065,7099,7133,7167,7201,7235,7269,7303,7337,7371,7405,7439,7473
E42 Hoofdweg e.o.,10617,10363,10198,10148,10309,10368,10449,10480,10289,10057,10220,10281,10072,10039,9988,10026,10058,10149,10224,10382,10440,10481,10619,10257,10256,10254,10253,10251,10250,10248,10247,10245,10244,10242,10241,10239,10238,10236,10235,10233,10232,10230,10229,10227,10226,10224,10223,10221,10220,10218,10217,10215,10214,10212,10211,10209,10208,10206,10205,10203
E43 Westindische Buurt,7020,6828,6722,6636,6590,6618,6578,6535,6435,6464,6461,6440,6415,6353,6374,6393,6464,6401,6440,6601,6793,6938,6944,6552,6548,6545,6542,6539,6535,6532,6529,6525,6522,6519,6516,6512,6509,6506,6503,6499,6496,6493,6489,6486,6483,6480,6476,6473,6470,6466,6463,6460,6457,6453,6450,6447,6443,6440,6437,6434
F75 Spieringhorn,6,6,6,2,2,2,2,2,2,2,2,2,2,4,2,2,3,4,4,5,104,106,149,53,57,60,63,67,70,74,77,81,84,88,91,95,98,102,105,109,112,116,119,122,126,129,133,136,140,143,147,150,154,157,161,164,168,171,175,178
F76 Slotermeer-Noordoost,8338,8530,8450,8466,8478,8604,8814,8831,8979,9035,9010,9106,9137,9155,9243,9177,9302,9301,9408,9451,9469,9474,9410,9540,9594,9647,9700,9754,9807,9860,9914,9967,10020,10074,10127,10180,10234,10287,10340,10394,10447,10500,10554,10607,10660,10713,10767,10820,10873,10927,10980,11033,11087,11140,11193,11247,11300,11353,11407,11460
F77 Slotermeer-Zuidwest,14424,14494,14514,14765,15119,15575,15673,15768,16010,15989,16191,16285,16077,15707,15847,16069,16525,16479,16361,16593,17015,17290,17377,17066,17180,17295,17409,17524,17639,17753,17868,17983,18097,18212,18326,18441,18556,18670,18785,18899,19014,19129,19243,19358,19473,19587,19702,19816,19931,20046,20160,20275,20389,20504,20619,20733,20848,20963,21077,21192
F78 Geuzenveld,12212,12433,12307,12468,12573,12688,12827,12892,13273,13046,13344,13481,13799,14115,13228,12822,13214,14020,14348,14368,15041,15478,15727,14784,14916,15048,15180,15312,15443,15575,15707,15839,15971,16103,16235,16367,16498,16630,16762,16894,17026,17158,17290,17421,17553,17685,17817,17949,18081,18213,18345,18476,18608,18740,18872,19004,19136,19268,19399,19531
F79 Eendracht,2411,2419,2419,2405,2411,2387,2356,2349,2341,2350,2341,2348,2320,2333,2350,2335,2338,2327,2343,2337,2329,2392,2461,2345,2343,2341,2339,2336,2334,2332,2330,2328,2326,2324,2322,2320,2318,2316,2314,2312,2310,2308,2306,2304,2301,2299,2297,2295,2293,2291,2289,2287,2285,2283,2281,2279,2277,2275,2273,2271
F80 Lutkemeer/Ookmeer,777,804,850,842,875,914,1205,1236,1254,1073,875,892,894,878,883,876,882,873,879,850,847,850,867,888,885,882,879,875,872,869,866,863,859,856,853,850,846,843,840,837,833,830,827,824,821,817,814,811,808,804,801,798,795,791,788,785,782,779,775,772
F81 Osdorp-Oost,13723,13293,13379,13208,13601,13785,14062,14080,14249,14359,14418,14380,14051,14141,14444,15054,15392,15536,15719,15847,15756,15930,16116,15838,15967,16096,16225,16355,16484,16613,16743,16872,17001,17131,17260,17389,17519,17648,17777,17906,18036,18165,18294,18424,18553,18682,18812,18941,19070,19200,19329,19458,19587,19717,19846,19975,20105,20234,20363,20493
F82 Osdorp-Midden,12414,12315,12359,12214,11644,11145,10872,10973,10214,9635,9659,10295,10559,11485,12136,13442,14012,14573,14840,15155,15743,15883,16009,14560,14765,14971,15176,15382,15588,15793,15999,16205,16410,16616,16821,17027,17233,17438,17644,17850,18055,18261,18466,18672,18878,19083,19289,19495,19700,19906,20111,20317,20523,20728,20934,21139,21345,21551,21756,21962
F83 De Punt,4961,4845,4827,4801,4788,4738,4731,4657,4739,4778,4850,4902,4967,4971,5080,5113,5090,5099,5085,5252,5494,5897,5997,5433,5474,5514,5554,5595,5635,5676,5716,5757,5797,5837,5878,5918,5959,5999,6040,6080,6120,6161,6201,6242,6282,6323,6363,6403,6444,6484,6525,6565,6606,6646,6686,6727,6767,6808,6848,6889
F84 Middelveldsche Akerpolder/Sloten,5406,6407,6622,7210,9850,11764,12562,12693,12904,14410,14936,14996,15012,15004,14968,14987,14889,14825,14906,15080,14403,14488,14445,16635,17025,17416,17806,18197,18587,18978,19369,19759,20150,20540,20931,21321,21712,22103,22493,22884,23274,23665,24055,24446,24837,25227,25618,26008,26399,26789,27180,27571,27961,28352,28742,29133,29523,29914,30304,30695
F85 Slotervaart,13061,12907,13276,14311,14920,15283,15609,15711,15706,15790,16057,16215,16407,16486,16738,16485,16799,16792,17286,17417,7985,7990,7897,13776,13688,13599,13511,13423,13335,13247,13159,13070,12982,12894,12806,12718,12629,12541,12453,12365,12277,12189,12100,12012,11924,11836,11748,11659,11571,11483,11395,11307,11218,11130,11042,10954,10866,10778,10689,10601
F86 Overtoomse Veld,9085,9149,9198,9329,9679,9620,9490,9396,9622,9629,9617,9516,9693,9808,9890,10475,10446,10302,10310,11266,11704,12139,12328,11284,11405,11526,11647,11768,11889,12010,12131,12252,12373,12494,12615,12736,12857,12978,13099,13220,13341,13462,13583,13704,13825,13946,14067,14188,14309,14430,14551,14672,14793,14914,15035,15156,15277,15398,15519,15640
F87 Westlandgracht,5103,5025,5042,5141,5241,5325,5447,5481,5566,5451,5490,5156,4505,4581,4879,5154,5846,6349,7074,7183,7448,7837,8706,6976,7095,7214,7333,7453,7572,7691,7810,7929,8048,8168,8287,8406,8525,8644,8764,8883,9002,9121,9240,9360,9479,9598,9717,9836,9956,10075,10194,10313,10432,10551,10671,10790,10909,11028,11147,11267
F88 Sloter-/Riekerpolder,10099,12430,13142,13280,13302,13409,13430,13446,13453,13350,13406,13340,13308,13310,13286,13197,13349,13406,13262,13198,13846,13977,13994,13836,13897,13958,14018,14079,14140,14201,14262,14323,14384,14445,14506,14566,14627,14688,14749,14810,14871,14932,14993,15054,15114,15175,15236,15297,15358,15419,15480,15541,15602,15662,15723,15784,15845,15906,15967,16028
K24 Oude Pijp,14041,14130,13966,14057,14031,14023,13840,13672,13614,13647,13840,13616,13659,13712,13665,13771,14102,14425,14546,14824,14977,14871,14711,14450,14487,14524,14562,14599,14637,14674,14711,14749,14786,14823,14861,14898,14936,14973,15010,15048,15085,15123,15160,15197,15235,15272,15310,15347,15384,15422,15459,15497,15534,15571,15609,15646,15683,15721,15758,15796
K25 Nieuwe Pijp,11924,11601,11550,11541,11595,11511,11550,11441,11422,11481,11452,11348,11352,11295,11419,11539,11672,11666,11943,12099,12247,12406,12306,11933,11960,11987,12013,12040,12066,12093,12119,12146,12172,12199,12226,12252,12279,12305,12332,12358,12385,12411,12438,12465,12491,12518,12544,12571,12597,12624,12650,12677,12704,12730,12757,12783,12810,12836,12863,12889
K26 Diamantbuurt,9106,8938,8689,8567,8613,8568,8476,8442,8371,8251,8227,8221,8181,8137,8036,7976,8034,8047,8148,8197,8237,8276,8254,8004,7970,7935,7901,7867,7832,7798,7764,7729,7695,7661,7626,7592,7558,7523,7489,7455,7420,7386,7352,7317,7283,7249,7214,7180,7146,7111,7077,7042,7008,6974,6939,6905,6871,6836,6802,6768
K44 Hoofddorppleinbuurt,10900,10790,10685,10565,10568,10674,10639,10621,10538,10716,10771,10742,10648,10663,10657,10846,10936,11062,11302,11397,11539,11767,11853,11348,11392,11436,11480,11524,11568,11613,11657,11701,11745,11789,11833,11877,11921,11965,12009,12053,12097,12141,12185,12229,12273,12317,12361,12405,12449,12493,12537,12582,12626,12670,12714,12758,12802,12846,12890,12934
K45 Schinkelbuurt,3726,3764,3721,3700,3621,3641,3613,3560,3543,3672,3786,3719,3728,3717,3686,3727,3761,3732,3721,3735,3801,3844,3837,3772,3778,3784,3790,3796,3802,3808,3814,3820,3826,3832,3838,3844,3851,3857,3863,3869,3875,3881,3887,3893,3899,3905,3911,3917,3923,3929,3935,3941,3948,3954,3960,3966,3972,3978,3984,3990
K46 Willemspark,5235,5206,5225,5199,5315,5205,5202,5067,5077,5124,5125,5149,5164,5220,5197,5233,5333,5396,5559,5615,5698,5647,5538,5491,5511,5531,5551,5571,5590,5610,5630,5650,5670,5690,5709,5729,5749,5769,5789,5809,5829,5848,5868,5888,5908,5928,5948,5968,5987,6007,6027,6047,6067,6087,6107,6126,6146,6166,6186,6206
K47 Museumkwartier,11662,11678,11401,11432,11477,11379,11361,11393,11342,11434,11467,11422,11375,11177,11159,11283,11303,11347,11410,11566,12883,12866,12841,11957,11993,12029,12065,12102,12138,12174,12211,12247,12283,12319,12356,12392,12428,12464,12501,12537,12573,12610,12646,12682,12718,12755,12791,12827,12864,12900,12936,12972,13009,13045,13081,13117,13154,13190,13226,13263
K48 Stadionbuurt,10127,9880,9771,9855,9765,9656,9657,9619,9600,9637,9726,10133,10223,10099,11796,12058,12487,12487,11295,11342,11572,11646,11806,11843,11965,12088,12210,12332,12455,12577,12699,12822,12944,13067,13189,13311,13434,13556,13678,13801,13923,14046,14168,14290,14413,14535,14657,14780,14902,15025,15147,15269,15392,15514,15636,15759,15881,16004,16126,16248
K49 Apollobuurt,7970,7926,7947,7942,8124,7977,7965,7892,7943,8007,8096,8013,8050,8070,8047,8167,8306,8452,8529,8647,8644,8764,8691,8548,8585,8621,8658,8695,8731,8768,8805,8841,8878,8915,8951,8988,9025,9061,9098,9135,9171,9208,9245,9281,9318,9355,9391,9428,9465,9501,9538,9575,9611,9648,9685,9721,9758,9795,9831,9868
K50 Duivelseiland,1245,1270,1253,1261,1261,1275,1276,1227,1204,1231,1206,1231,1253,1229,1228,1279,1309,1330,1327,1329,0,0,0,742,707,672,636,601,565,530,495,459,424,388,353,317,282,247,211,176,140,105,69,34,0,0,0,0,0,0,0,0,0,0,0,0,0,0,0,0
K52 Scheldebuurt,13355,13184,13178,13088,13069,13025,12903,12876,12975,13256,13237,13176,13117,13300,13384,13720,13873,14025,14326,14541,14718,14752,15088,14407,14490,14574,14657,14741,14824,14908,14991,15074,15158,15241,15325,15408,15492,15575,15659,15742,15825,15909,15992,16076,16159,16243,16326,16410,16493,16576,16660,16743,16827,16910,16994,17077,17161,17244,17327,17411
K53 IJselbuurt,5410,5224,5238,5102,4986,4947,4923,4908,5037,5108,5166,5122,5026,5078,5045,5035,5040,5147,5155,5221,5211,5360,5373,5173,5178,5183,5188,5193,5198,5203,5208,5213,5218,5222,5227,5232,5237,5242,5247,5252,5257,5262,5267,5272,5276,5281,5286,5291,5296,5301,5306,5311,5316,5321,5325,5330,5335,5340,5345,5350
K54 Rijnbuurt,8956,8816,8743,8670,8671,8694,8615,8657,8628,8635,8575,8504,8549,8575,8511,8641,8820,8889,8998,9068,9060,9128,9183,8919,8934,8949,8965,8980,8995,9011,9026,9042,9057,9072,9088,9103,9119,9134,9149,9165,9180,9196,9211,9226,9242,9257,9273,9288,9303,9319,9334,9350,9365,9380,9396,9411,9426,9442,9457,9473
K59 Station Zuid/WTC e.o.,1225,1171,1136,1153,1155,1134,1117,1107,1084,1076,1131,1174,1196,1156,1234,1248,1358,1357,1327,1322,1279,1318,1313,1307,1317,1327,1337,1347,1357,1367,1376,1386,1396,1406,1416,1426,1436,1446,1456,1466,1476,1486,1496,1506,1516,1526,1536,1546,1555,1565,1575,1585,1595,1605,1615,1625,1635,1645,1655,1665
K90 Buitenveldert-West,11986,11814,11648,11863,11319,11596,11523,11557,11475,11541,11758,11714,11785,11886,11924,12181,12418,12922,13059,13297,12662,12697,13074,12771,12841,12911,12980,13050,13120,13190,13259,13329,13399,13468,13538,13608,13678,13747,13817,13887,13957,14026,14096,14166,14236,14305,14375,14445,14514,14584,14654,14724,14793,14863,14933,15003,15072,15142,15212,15281
K91 Buitenveldert-Oost,6707,6593,6519,6372,7010,6911,6932,6899,7020,7074,7174,7195,7111,7140,7165,7106,7109,7319,7256,7323,7630,7660,7764,7544,7590,7635,7681,7727,7773,7818,7864,7910,7956,8001,8047,8093,8139,8184,8230,8276,8322,8367,8413,8459,8504,8550,8596,8642,8687,8733,8779,8825,8870,8916,8962,9008,9053,9099,9145,9191
M27 Weesperzijde,4694,4606,4637,4589,4655,4539,4545,4550,4502,4534,4501,4414,4346,4550,4606,4650,4739,4708,4854,4892,4990,5225,5429,4921,4944,4968,4991,5015,5038,5062,5086,5109,5133,5156,5180,5203,5227,5250,5274,5298,5321,5345,5368,5392,5415,5439,5462,5486,5510,5533,5557,5580,5604,5627,5651,5674,5698,5722,5745,5769
M28 Oosterparkbuurt,10877,10719,10410,10325,10329,10647,10793,10640,10532,10738,10631,10384,10401,10215,10215,10251,10257,10287,10096,10470,10796,10957,10906,10487,10485,10482,10479,10476,10473,10470,10467,10464,10462,10459,10456,10453,10450,10447,10444,10441,10438,10436,10433,10430,10427,10424,10421,10418,10415,10412,10410,10407,10404,10401,10398,10395,10392,10389,10386,10384
M29 Dapperbuurt,8398,8514,8464,8503,8584,8620,8568,8391,8396,8509,8441,8427,8252,8111,7959,7975,8206,8228,8259,8408,8944,9255,9755,8639,8654,8669,8685,8700,8715,8731,8746,8761,8777,8792,8807,8822,8838,8853,8868,8884,8899,8914,8930,8945,8960,8976,8991,9006,9022,9037,9052,9068,9083,9098,9113,9129,9144,9159,9175,9190
M30 Transvaalbuurt,10312,10268,10274,10224,10032,9958,9872,9796,9675,9626,9664,9606,9413,9329,9218,9301,9248,9190,8918,9063,9115,9426,9413,9035,8978,8921,8864,8807,8750,8693,8636,8579,8522,8465,8408,8351,8294,8237,8180,8122,8065,8008,7951,7894,7837,7780,7723,7666,7609,7552,7495,7438,7381,7324,7266,7209,7152,7095,7038,6981
M31 Indische Buurt West,13902,13440,13131,13077,13360,13330,13337,13179,12952,12818,12749,12643,12448,11913,11642,12061,12407,12650,12691,12732,12668,12590,12668,12276,12224,12172,12120,12067,12015,11963,11910,11858,11806,11753,11701,11649,11597,11544,11492,11440,11387,11335,11283,11230,11178,11126,11074,11021,10969,10917,10864,10812,10760,10708,10655,10603,10551,10498,10446,10394
M32 Indische Buurt Oost,10038,9737,9455,9687,10142,10149,10270,10394,10365,10539,10712,10600,10620,10368,10246,10425,10399,10258,10075,10044,10156,10379,10264,10412,10430,10448,10466,10484,10502,10520,10538,10556,10574,10592,10610,10628,10646,10664,10682,10700,10718,10736,10754,10772,10790,10808,10826,10844,10862,10880,10898,10916,10934,10952,10970,10988,11006,11024,11042,11060
M33 Oostelijk Havengebied,5748,6341,6944,8221,10137,11469,13084,14652,15857,16289,16564,16649,17086,17662,17555,17670,17984,17897,17972,18509,18358,18495,18646,20572,21152,21731,22311,22891,23471,24051,24631,25211,25790,26370,26950,27530,28110,28690,29269,29849,30429,31009,31589,32169,32748,33328,33908,34488,35068,35648,36227,36807,37387,37967,38547,39127,39706,40286,40866,41446
M34 Zeeburgereiland/Nieuwe Diep,269,279,274,263,266,265,258,467,527,601,568,426,455,464,458,468,756,802,837,834,989,1204,2178,1102,1152,1202,1252,1302,1351,1401,1451,1501,1550,1600,1650,1700,1749,1799,1849,1899,1949,1998,2048,2098,2148,2197,2247,2297,2347,2397,2446,2496,2546,2596,2645,2695,2745,2795,2845,2894
M35 IJburg West,0,0,0,0,0,0,0,0,6,668,1650,3183,6091,7781,10339,11842,12667,13657,13946,14159,14234,14431,14531,14801,15676,16551,17426,18301,19176,20051,20926,21801,22676,23551,24426,25301,26176,27051,27926,28801,29676,30550,31425,32300,33175,34050,34925,35800,36675,37550,38425,39300,40175,41050,41925,42800,43675,44550,45425,46300
M51 IJburg Zuid,0,0,0,0,0,0,0,0,0,0,0,0,0,485,2442,3660,4701,5474,6203,6572,6758,7009,7666,6075,6461,6847,7233,7619,8004,8390,8776,9162,9548,9934,10320,10706,11092,11477,11863,12249,12635,13021,13407,13793,14179,14565,14950,15336,15722,16108,16494,16880,17266,17652,18038,18423,18809,19195,19581,19967
M55 Frankendael,9665,9613,9616,9505,9424,9478,9528,9410,9382,9361,9430,9326,9242,9528,9626,9705,9961,10015,9578,9875,10370,11004,11072,10198,10245,10292,10339,10386,10433,10480,10527,10574,10621,10669,10716,10763,10810,10857,10904,10951,10998,11045,11092,11139,11187,11234,11281,11328,11375,11422,11469,11516,11563,11610,11657,11705,11752,11799,11846,11893
M56 Middenmeer,9814,9849,9797,9832,9919,9994,10061,10847,11568,11755,11890,11972,11979,12164,13035,13526,13773,13930,14168,14920,15214,15308,15577,15132,15423,15715,16007,16299,16591,16883,17175,17467,17758,18050,18342,18634,18926,19218,19510,19802,20093,20385,20677,20969,21261,21553,21845,22137,22429,22720,23012,23304,23596,23888,24180,24472,24764,25055,25347,25639
M57 Betondorp,3247,3229,3197,3183,3139,3143,3123,3117,3102,3124,3094,3098,3053,3032,3076,3074,3107,3089,3087,3147,3176,3215,3234,3114,3112,3110,3108,3106,3104,3103,3101,3099,3097,3095,3093,3091,3089,3087,3085,3083,3081,3079,3077,3075,3073,3071,3069,3067,3065,3063,3061,3059,3057,3055,3053,3051,3049,3047,3045,3043
M58 De Omval,497,495,460,843,916,951,924,915,971,1035,1028,1401,2112,2115,2028,2007,2029,2090,2163,2532,2922,3923,4428,3120,3263,3406,3550,3693,3836,3980,4123,4266,4410,4553,4696,4840,4983,5127,5270,5413,5557,5700,5843,5987,6130,6273,6417,6560,6703,6847,6990,7133,7277,7420,7563,7707,7850,7993,8137,8280
N60 Volewijck,10499,10447,10444,10373,10359,10206,10139,10046,10048,10090,10166,9944,9732,9583,9479,9395,9403,9394,9366,9589,9679,9655,9731,9401,9351,9301,9251,9200,9150,9100,9050,9000,8949,8899,8849,8799,8749,8698,8648,8598,8548,8498,8448,8397,8347,8297,8247,8197,8146,8096,8046,7996,7946,7896,7845,7795,7745,7695,7645,7594
N61 IJplein/Vogelbuurt,8704,8600,8409,8404,8368,8252,8273,8310,8202,8238,8247,8136,8332,8362,8364,8310,8205,8201,8147,8206,8226,8246,8289,8180,8168,8155,8142,8130,8117,8105,8092,8080,8067,8055,8042,8029,8017,8004,7992,7979,7967,7954,7941,7929,7916,7904,7891,7879,7866,7854,7841,7828,7816,7803,7791,7778,7766,7753,7741,7728
N62 Tuindorp Nieuwendam,3513,3526,3520,3453,3429,3431,3476,3467,3466,3441,3420,3428,3438,3444,3419,3425,3429,3418,3388,3449,3499,3520,3539,3449,3449,3448,3447,3446,3445,3444,3443,3443,3442,3441,3440,3439,3438,3437,3436,3436,3435,3434,3433,3432,3431,3430,3429,3429,3428,3427,3426,3425,3424,3423,3423,3422,3421,3420,3419,3418
N63 Tuindorp Buiksloot,2122,2079,2062,2048,2044,2062,2042,1981,1976,1963,1928,1905,1884,1853,1839,1890,1881,1867,1868,1847,1871,1866,1925,1831,1819,1807,1795,1784,1772,1760,1749,1737,1725,1713,1702,1690,1678,1666,1655,1643,1631,1620,1608,1596,1584,1573,1561,1549,1537,1526,1514,1502,1491,1479,1467,1455,1444,1432,1420,1408
N64 Nieuwendammerdijk/Buiksloterdijk,1580,1583,1560,1555,1540,1514,1547,1536,1562,1535,1576,1579,1590,1607,1616,1709,1698,1680,1693,1706,1679,1690,1685,1692,1700,1708,1717,1725,1733,1741,1750,1758,1766,1774,1783,1791,1799,1807,1816,1824,1832,1840,1849,1857,1865,1873,1881,1890,1898,1906,1914,1923,1931,1939,1947,1956,1964,1972,1980,1989
N65 Tuindorp Oostzaan,9802,9550,9463,9506,9544,9276,9148,9152,9320,9356,9305,9423,9489,9893,10336,10373,10345,10313,10518,10698,10876,11168,11348,10748,10831,10914,10996,11079,11162,11244,11327,11410,11492,11575,11658,11740,11823,11906,11988,12071,12154,12236,12319,12402,12484,12567,12650,12732,12815,12898,12980,13063,13146,13228,13311,13394,13476,13559,13642,13724
N66 Oostzanerwerf,8372,8449,8445,8417,8522,8623,8660,8648,8892,9027,9040,8882,8939,8698,8704,8719,8483,8635,8734,8727,8739,8764,8902,8832,8846,8859,8873,8887,8900,8914,8927,8941,8954,8968,8982,8995,9009,9022,9036,9050,9063,9077,9090,9104,9117,9131,9145,9158,9172,9185,9199,9212,9226,9240,9253,9267,9280,9294,9307,9321
N67 Kadoelen,2895,2894,2864,2842,2865,2867,2874,2836,2833,2888,2852,2894,2903,2890,2892,2907,2859,2830,2816,2835,2843,3036,3074,2912,2915,2918,2921,2924,2927,2930,2933,2936,2939,2942,2945,2948,2951,2954,2957,2960,2963,2966,2969,2972,2975,2978,2981,2984,2987,2990,2993,2996,2999,3001,3004,3007,3010,3013,3016,3019
N68 Nieuwendam-Noord,12338,12363,12421,12418,12408,12723,12856,12957,13174,13250,13429,13237,13057,13025,12921,12218,12215,12310,12547,12916,13055,13311,13275,13001,13021,13041,13061,13081,13101,13121,13141,13161,13181,13201,13221,13241,13261,13281,13301,13321,13341,13361,13381,13401,13421,13441,13461,13481,13501,13521,13541,13561,13581,13601,13621,13641,13661,13681,13701,13721
N69 Buikslotermeer,10484,10355,10402,10427,11248,11622,11724,11650,11737,11657,11816,11755,11707,11590,11546,11959,12221,12578,12497,12770,10819,10956,11121,12029,12081,12133,12186,12238,12290,12342,12395,12447,12499,12552,12604,12656,12708,12761,12813,12865,12917,12970,13022,13074,13127,13179,13231,13283,13336,13388,13440,13492,13545,13597,13649,13702,13754,13806,13858,13911
N70 Banne Buiksloot,12652,13131,13607,13590,13577,13584,13678,13809,13890,13832,13820,13795,13699,13147,12737,12523,12661,12747,13357,13555,13840,14186,14367,13563,13572,13581,13591,13600,13610,13619,13628,13638,13647,13656,13666,13675,13685,13694,13703,13713,13722,13731,13741,13750,13760,13769,13778,13788,13797,13806,13816,13825,13835,13844,13853,13863,13872,13882,13891,13900
N71 Buiksloterham,305,310,293,287,277,271,270,271,253,242,307,613,607,605,605,646,1012,1115,1241,1339,1524,1692,2546,1485,1561,1637,1713,1789,1865,1942,2018,2094,2170,2246,2322,2399,2475,2551,2627,2703,2779,2855,2932,3008,3084,3160,3236,3312,3389,3465,3541,3617,3693,3769,3845,3922,3998,4074,4150,4226
N72 Nieuwendammerham,145,133,132,142,155,159,165,172,160,147,149,145,135,126,121,133,122,117,107,116,142,164,208,141,141,140,140,140,140,139,139,139,139,138,138,138,138,137,137,137,137,136,136,136,136,135,135,135,135,134,134,134,134,133,133,133,133,133,132,132
N73 Waterland,2048,2015,2030,2031,2016,2059,2060,2075,2048,2046,2064,2058,2111,2107,2102,2120,2141,2137,2155,2153,2184,2211,2201,2177,2185,2194,2202,2210,2218,2227,2235,2243,2251,2260,2268,2276,2284,2293,2301,2309,2318,2326,2334,2342,2351,2359,2367,2375,2384,2392,2400,2408,2417,2425,2433,2441,2450,2458,2466,2475
T92 Amstel III/Bullewijk,65,62,55,59,59,65,67,252,85,67,110,117,113,97,153,178,187,178,236,243,280,438,666,328,344,361,377,393,409,425,441,458,474,490,506,522,538,554,571,587,603,619,635,651,668,684,700,716,732,748,765,781,797,813,829,845,862,878,894,910
"T93 Bijlmer Centrum (D,F,H)",23391,22816,22363,21558,21113,21134,21333,21350,21504,21395,21953,21313,20406,20440,20666,20830,21226,21894,22875,22943,23171,23981,24397,22403,22452,22501,22550,22598,22647,22696,22745,22794,22842,22891,22940,22989,23037,23086,23135,23184,23233,23281,23330,23379,23428,23477,23525,23574,23623,23672,23721,23769,23818,23867,23916,23965,24013,24062,24111,24160
"T94 Bijlmer Oost (E,G,K)",28215,26962,27151,27671,27885,27754,27542,27605,26576,25496,23631,22739,22970,23912,25153,25853,25835,26023,26267,26548,26787,27260,28491,25765,25714,25663,25612,25561,25510,25459,25408,25357,25306,25255,25204,25153,25102,25051,25000,24949,24898,24847,24796,24745,24695,24644,24593,24542,24491,24440,24389,24338,24287,24236,24185,24134,24083,24032,23981,23930
T95 Nellestein,2883,2814,2739,2727,2793,2761,2727,2730,2724,2709,2724,2760,2716,2765,2757,2839,2914,2953,2970,2998,3008,3012,2990,2942,2954,2966,2977,2989,3000,3012,3023,3035,3047,3058,3070,3081,3093,3104,3116,3128,3139,3151,3162,3174,3185,3197,3209,3220,3232,3243,3255,3266,3278,3290,3301,3313,3324,3336,3347,3359
T96 Holendrecht/Reigersbos,19394,19136,19012,18890,19017,19012,18909,18723,18586,18409,18366,18273,18238,18396,18347,18421,18424,18485,18265,18255,18271,18320,18308,18143,18098,18054,18010,17966,17921,17877,17833,17789,17744,17700,17656,17612,17567,17523,17479,17434,17390,17346,17302,17257,17213,17169,17125,17080,17036,16992,16948,16903,16859,16815,16771,16726,16682,16638,16594,16549
T97 Gein,13008,12857,12849,12858,12757,12688,12691,12655,12521,12397,12262,12188,11989,11825,11905,11878,11920,11848,11652,11587,11560,11567,11477,11478,11405,11331,11258,11184,11110,11037,10963,10889,10816,10742,10669,10595,10521,10448,10374,10300,10227,10153,10079,10006,9932,9859,9785,9711,9638,9564,9490,9417,9343,9270,9196,9122,9049,8975,8901,8828
T98 Driemond,1536,1496,1519,1524,1539,1537,1513,1496,1496,1505,1504,1517,1485,1487,1509,1509,1502,1485,1478,1497,1490,1479,1525,1490,1489,1487,1486,1484,1483,1481,1480,1478,1477,1475,1474,1472,1471,1469,1468,1466,1465,1463,1462,1460,1459,1457,1456,1454,1453,1451,1450,1448,1447,1445,1444,1442,1441,1439,1438,1436
