"Name","Activity type","Description"
"Hallein","walking",""

"Segment","Point","Latitude (deg)","Longitude (deg)","Altitude (m)","Bearing (deg)","Accuracy (m)","Speed (m/s)","Time","Power (W)","Cadence (rpm)","Heart rate (bpm)"
"1","1","47.685989","13.081926","786.0","289.0","21","0.86","2016-09-16T13:04:30.817Z","","",""
"1","2","47.685995","13.081821","752.0","","10","0","2016-09-16T13:04:40.000Z","","",""
"1","3","47.685981","13.081791","746.0","","8","0","2016-09-16T13:04:41.000Z","","",""
"1","4","47.686059","13.081775","773.0","319.0","3.9","0.83","2016-09-16T13:04:54.000Z","","",""
"1","5","47.686075","13.081741","776.0","322.0","3.9","1.11","2016-09-16T13:04:55.000Z","","",""
"1","6","47.686143","13.08166","774.0","340.0","3.9","0.84","2016-09-16T13:05:01.000Z","","",""
"1","7","47.686145","13.081637","774.0","4.0","3.9","0.28","2016-09-16T13:05:02.000Z","","",""
"1","8","47.686141","13.081642","774.0","0.0","3.9","0.21","2016-09-16T13:05:03.000Z","","",""
"1","9","47.686145","13.081635","775.0","","3.9","0","2016-09-16T13:05:08.000Z","","",""
"1","10","47.686153","13.081635","776.0","343.0","3.9","0.56","2016-09-16T13:05:09.000Z","","",""
"1","11","47.686203","13.08154","778.0","304.0","3.9","0.88","2016-09-16T13:05:15.000Z","","",""
"1","12","47.686208","13.081526","778.0","307.0","3.9","0.79","2016-09-16T13:05:16.000Z","","",""
"1","13","47.686254","13.081432","779.0","","3.9","0","2016-09-16T13:05:25.000Z","","",""
"1","14","47.686262","13.081409","778.0","308.0","3.9","0.62","2016-09-16T13:05:26.000Z","","",""
"1","15","47.686296","13.081287","781.0","319.0","3.9","0.71","2016-09-16T13:05:35.000Z","","",""
"1","16","47.6863","13.081265","780.0","297.0","9","0.77","2016-09-16T13:05:36.000Z","","",""
"1","17","47.686353","13.081164","787.0","284.0","9","0.55","2016-09-16T13:05:45.000Z","","",""
"1","18","47.686354","13.08115","788.0","319.0","9","0.77","2016-09-16T13:05:46.000Z","","",""
"1","19","47.686414","13.081076","791.0","328.0","9","1.09","2016-09-16T13:05:53.000Z","","",""
"1","20","47.686422","13.08106","791.0","328.0","9","1.09","2016-09-16T13:05:54.000Z","","",""
"1","21","47.686486","13.080975","792.0","327.0","9","0.43","2016-09-16T13:06:03.000Z","","",""
"1","22","47.686493","13.080952","791.0","297.0","9","0.91","2016-09-16T13:06:04.000Z","","",""
"1","23","47.686544","13.080853","794.0","309.0","10","1.11","2016-09-16T13:06:16.000Z","","",""
"1","24","47.686548","13.080836","795.0","302.0","10","1.06","2016-09-16T13:06:17.000Z","","",""
"1","25","47.686587","13.080747","794.0","295.0","11","0.84","2016-09-16T13:06:24.000Z","","",""
"1","26","47.686596","13.080717","793.0","313.0","10","1.29","2016-09-16T13:06:25.000Z","","",""
"1","27","47.686624","13.080596","788.0","296.0","11","1.62","2016-09-16T13:06:28.000Z","","",""
"1","28","47.686634","13.080591","788.0","308.0","11","1.25","2016-09-16T13:06:29.000Z","","",""
"1","29","47.686626","13.080534","786.0","","11","0","2016-09-16T13:06:36.000Z","","",""
"1","30","47.686626","13.080556","786.0","69.0","11","0.17","2016-09-16T13:06:37.000Z","","",""
"1","31","47.686635","13.080566","787.0","2.0","11","0.33","2016-09-16T13:06:38.000Z","","",""
"1","32","47.686654","13.080445","784.0","284.0","10","1.02","2016-09-16T13:06:43.000Z","","",""
"1","33","47.686655","13.080425","784.0","263.0","10","0.91","2016-09-16T13:06:44.000Z","","",""
"1","34","47.686674","13.080309","782.0","255.0","10","0.54","2016-09-16T13:06:53.000Z","","",""
"1","35","47.686684","13.080291","783.0","298.0","10","0.43","2016-09-16T13:06:54.000Z","","",""
"1","36","47.686683","13.080192","784.0","275.0","10","0.53","2016-09-16T13:07:02.000Z","","",""
"1","37","47.686686","13.080154","785.0","279.0","10","0.77","2016-09-16T13:07:03.000Z","","",""
"1","38","47.68672","13.080064","787.0","287.0","10","0.58","2016-09-16T13:07:11.000Z","","",""
"1","39","47.686736","13.080041","787.0","325.0","10","1.19","2016-09-16T13:07:12.000Z","","",""
"1","40","47.686723","13.079931","787.0","306.0","10","0.78","2016-09-16T13:07:18.000Z","","",""
"1","41","47.686724","13.079903","784.0","271.0","10","0.49","2016-09-16T13:07:19.000Z","","",""
"1","42","47.686755","13.079783","788.0","260.0","10","0.47","2016-09-16T13:07:31.000Z","","",""
"1","43","47.686764","13.079776","789.0","305.0","10","0.46","2016-09-16T13:07:32.000Z","","",""
"1","44","47.686803","13.07969","793.0","286.0","10","0.76","2016-09-16T13:07:39.000Z","","",""
"1","45","47.686807","13.079688","793.0","274.0","10","0.2","2016-09-16T13:07:40.000Z","","",""
"1","46","47.686811","13.079687","792.0","","9","0","2016-09-16T13:07:41.000Z","","",""
"1","47","47.686814","13.079678","791.0","202.0","9","0.26","2016-09-16T13:07:42.000Z","","",""
"1","48","47.686816","13.079558","775.0","132.0","10","0.42","2016-09-16T13:08:49.000Z","","",""
"1","49","47.686815","13.079525","774.0","176.0","10","0.17","2016-09-16T13:08:50.000Z","","",""
"1","50","47.686825","13.079411","767.0","284.0","10","0.5","2016-09-16T13:09:19.000Z","","",""
"1","51","47.686829","13.079376","765.0","275.0","10","0.66","2016-09-16T13:09:20.000Z","","",""
"1","52","47.686825","13.079251","766.0","270.0","9","0.92","2016-09-16T13:09:28.000Z","","",""
"1","53","47.686807","13.079237","766.0","266.0","9","0.72","2016-09-16T13:09:29.000Z","","",""
"1","54","47.686807","13.079229","768.0","223.0","10","0.35","2016-09-16T13:09:30.000Z","","",""
"1","55","47.68681","13.079221","768.0","232.0","10","0.18","2016-09-16T13:09:31.000Z","","",""
"1","56","47.686805","13.079232","768.0","129.0","10","0.5","2016-09-16T13:09:32.000Z","","",""
"1","57","47.686841","13.079117","773.0","282.0","10","0.63","2016-09-16T13:09:42.000Z","","",""
"1","58","47.686842","13.079089","773.0","275.0","10","0.95","2016-09-16T13:09:43.000Z","","",""
"1","59","47.686859","13.078979","773.0","305.0","10","0.69","2016-09-16T13:10:06.000Z","","",""
"1","60","47.686867","13.07896","773.0","286.0","10","1.02","2016-09-16T13:10:07.000Z","","",""
"1","61","47.686928","13.078885","779.0","287.0","10","0.64","2016-09-16T13:10:24.000Z","","",""
"1","62","47.686935","13.078803","772.0","286.0","9","0.77","2016-09-16T13:10:25.000Z","","",""
"1","63","47.686936","13.078784","771.0","310.0","9","0.18","2016-09-16T13:10:26.000Z","","",""
"1","64","47.68693","13.078773","771.0","223.0","9","0.87","2016-09-16T13:10:27.000Z","","",""
"1","65","47.68695","13.078661","767.0","291.0","10","1.7","2016-09-16T13:10:29.000Z","","",""
"1","66","47.686964","13.078621","763.0","304.0","10","1.55","2016-09-16T13:10:30.000Z","","",""
"1","67","47.686958","13.078503","751.0","","10","0","2016-09-16T13:10:38.000Z","","",""
"1","68","47.686958","13.078494","752.0","250.0","10","0.21","2016-09-16T13:10:39.000Z","","",""
"1","69","47.686969","13.078454","750.0","","11","0","2016-09-16T13:11:10.000Z","","",""
"1","70","47.686978","13.078433","750.0","276.0","10","1.24","2016-09-16T13:11:11.000Z","","",""
"1","71","47.686935","13.078318","743.0","","9","0","2016-09-16T13:11:39.000Z","","",""
"1","72","47.68693","13.078319","743.0","","10","0","2016-09-16T13:11:40.000Z","","",""
"1","73","47.686918","13.078187","748.0","","9","0","2016-09-16T13:12:11.000Z","","",""
"1","74","47.68692","13.07818","748.0","","9","0","2016-09-16T13:12:12.000Z","","",""
"1","75","47.686901","13.078063","748.0","273.0","9","1.65","2016-09-16T13:12:17.000Z","","",""
"1","76","47.686891","13.078048","749.0","273.0","9","1.5","2016-09-16T13:12:18.000Z","","",""
"1","77","47.686892","13.077961","748.0","254.0","9","0.36","2016-09-16T13:12:23.000Z","","",""
"1","78","47.686891","13.07796","748.0","254.0","9","0.16","2016-09-16T13:12:24.000Z","","",""
"1","79","47.686903","13.077939","750.0","254.0","3.9","0.19","2016-09-16T13:12:46.000Z","","",""
"1","80","47.686902","13.077922","750.0","254.0","3.9","0.43","2016-09-16T13:12:47.000Z","","",""
"1","81","47.686867","13.077844","752.0","233.0","4","0.85","2016-09-16T13:13:29.000Z","","",""
"1","82","47.686861","13.077802","752.0","258.0","4","1.34","2016-09-16T13:13:30.000Z","","",""
"1","83","47.686864","13.077681","753.0","","3.9","0","2016-09-16T13:13:50.000Z","","",""
"1","84","47.686873","13.077669","754.0","321.0","3.9","1.09","2016-09-16T13:13:51.000Z","","",""
"1","85","47.686919","13.077558","761.0","304.0","4","0.96","2016-09-16T13:14:03.000Z","","",""
"1","86","47.68692","13.077553","761.0","304.0","4","0.66","2016-09-16T13:14:04.000Z","","",""
"1","87","47.686931","13.077433","769.0","268.0","4","0.63","2016-09-16T13:14:27.000Z","","",""
"1","88","47.686932","13.077383","764.0","256.0","3.9","0.75","2016-09-16T13:14:28.000Z","","",""
"1","89","47.686925","13.077253","766.0","286.0","3.9","0.72","2016-09-16T13:14:53.000Z","","",""
"1","90","47.68693","13.077238","766.0","291.0","3.9","0.89","2016-09-16T13:14:54.000Z","","",""
"1","91","47.686932","13.077125","752.0","","3.9","0","2016-09-16T13:15:10.000Z","","",""
"1","92","47.68693","13.077128","753.0","327.0","3.9","0.18","2016-09-16T13:15:11.000Z","","",""
"1","93","47.686933","13.077126","753.0","352.0","3.9","0.25","2016-09-16T13:15:12.000Z","","",""
"1","94","47.686984","13.077024","753.0","300.0","4","0.83","2016-09-16T13:15:34.000Z","","",""
"1","95","47.686985","13.077012","753.0","300.0","4","0.7","2016-09-16T13:15:35.000Z","","",""
"1","96","47.687042","13.076918","753.0","351.0","4","0.78","2016-09-16T13:15:46.000Z","","",""
"1","97","47.687054","13.076885","750.0","342.0","3.9","1.02","2016-09-16T13:15:47.000Z","","",""
"1","98","47.687134","13.076828","745.0","337.0","3.9","1.03","2016-09-16T13:15:55.000Z","","",""
"1","99","47.687146","13.076816","744.0","337.0","4","1.05","2016-09-16T13:15:56.000Z","","",""
"1","100","47.687213","13.076765","743.0","329.0","5","0.86","2016-09-16T13:16:04.000Z","","",""
"1","101","47.687232","13.076748","743.0","329.0","5","1.4","2016-09-16T13:16:05.000Z","","",""
"1","102","47.687149","13.076794","742.0","154.0","3.9","1.13","2016-09-16T13:16:33.000Z","","",""
"1","103","47.687139","13.076802","742.0","151.0","3.9","1.14","2016-09-16T13:16:34.000Z","","",""
"1","104","47.687102","13.076791","750.0","","4","0","2016-09-16T13:18:09.000Z","","",""
"1","105","47.687099","13.076793","750.0","158.0","4","0.22","2016-09-16T13:18:10.000Z","","",""
"1","106","47.687098","13.076795","750.0","158.0","4","0.27","2016-09-16T13:18:11.000Z","","",""
"1","107","47.687183","13.07678","758.0","332.0","3.9","0.29","2016-09-16T13:18:37.000Z","","",""
"1","108","47.687187","13.076772","758.0","332.0","4","0.43","2016-09-16T13:18:38.000Z","","",""
"1","109","47.687255","13.076689","759.0","319.0","3.9","0.93","2016-09-16T13:18:50.000Z","","",""
"1","110","47.687261","13.076678","760.0","319.0","3.9","0.86","2016-09-16T13:18:51.000Z","","",""
"1","111","47.687338","13.076612","760.0","319.0","5","0.71","2016-09-16T13:19:03.000Z","","",""
"1","112","47.687344","13.076604","761.0","320.0","4","0.98","2016-09-16T13:19:04.000Z","","",""
"1","113","47.687393","13.076507","767.0","327.0","5","1.12","2016-09-16T13:19:11.000Z","","",""
"1","114","47.687397","13.076478","768.0","320.0","5","1.12","2016-09-16T13:19:12.000Z","","",""
"1","115","47.687477","13.076427","768.0","323.0","4","0.91","2016-09-16T13:19:25.000Z","","",""
"1","116","47.687489","13.076412","768.0","323.0","4","0.81","2016-09-16T13:19:26.000Z","","",""
"1","117","47.687555","13.076328","767.0","318.0","4","0.93","2016-09-16T13:19:37.000Z","","",""
"1","118","47.68756","13.076312","765.0","318.0","4","0.91","2016-09-16T13:19:38.000Z","","",""
"1","119","47.687636","13.076253","767.0","326.0","4","0.76","2016-09-16T13:19:53.000Z","","",""
"1","120","47.687646","13.07625","767.0","326.0","4","0.87","2016-09-16T13:19:54.000Z","","",""
"1","121","47.687708","13.076156","772.0","323.0","4","0.53","2016-09-16T13:20:07.000Z","","",""
"1","122","47.687712","13.076156","773.0","323.0","4","0.56","2016-09-16T13:20:08.000Z","","",""
"1","123","47.687789","13.076088","771.0","340.0","4","0.48","2016-09-16T13:20:24.000Z","","",""
"1","124","47.687794","13.076092","770.0","340.0","3.9","0.7","2016-09-16T13:20:25.000Z","","",""
"1","125","47.687848","13.076007","768.0","340.0","4","0.91","2016-09-16T13:20:37.000Z","","",""
"1","126","47.687855","13.075994","768.0","340.0","4","0.88","2016-09-16T13:20:38.000Z","","",""
"1","127","47.687898","13.075898","771.0","286.0","5","0.9","2016-09-16T13:20:51.000Z","","",""
"1","128","47.687904","13.075882","773.0","291.0","5","0.91","2016-09-16T13:20:52.000Z","","",""
"1","129","47.687938","13.075761","779.0","309.0","4","0.84","2016-09-16T13:21:03.000Z","","",""
"1","130","47.687945","13.075752","779.0","309.0","4","0.71","2016-09-16T13:21:04.000Z","","",""
"1","131","47.688007","13.075664","776.0","309.0","9","0.63","2016-09-16T13:21:13.000Z","","",""
"1","132","47.688013","13.075655","777.0","309.0","9","0.83","2016-09-16T13:21:14.000Z","","",""
"1","133","47.688085","13.075578","778.0","309.0","9","0.45","2016-09-16T13:21:30.000Z","","",""
"1","134","47.688088","13.075565","777.0","309.0","9","0.43","2016-09-16T13:21:31.000Z","","",""
"1","135","47.688164","13.075616","772.0","","3.9","0","2016-09-16T13:22:07.000Z","","",""
"1","136","47.688171","13.075618","772.0","352.0","3.9","0.48","2016-09-16T13:22:08.000Z","","",""
"1","137","47.688153","13.075624","774.0","","3.9","0","2016-09-16T13:22:21.000Z","","",""
"1","138","47.688153","13.075629","774.0","352.0","3.9","0.22","2016-09-16T13:22:22.000Z","","",""
"1","139","47.688153","13.075629","774.0","352.0","3.9","0.31","2016-09-16T13:22:23.000Z","","",""
"1","140","47.688225","13.075707","779.0","37.0","10","0.61","2016-09-16T13:22:51.000Z","","",""
"1","141","47.688225","13.075721","779.0","37.0","10","0.8","2016-09-16T13:22:52.000Z","","",""
"1","142","47.688247","13.075847","780.0","67.0","10","0.59","2016-09-16T13:23:17.000Z","","",""
"1","143","47.688245","13.075855","779.0","29.0","10","0.42","2016-09-16T13:23:18.000Z","","",""
"1","144","47.688283","13.075965","783.0","","9","0","2016-09-16T13:23:34.000Z","","",""
"1","145","47.68828","13.075984","784.0","91.0","9","0.64","2016-09-16T13:23:35.000Z","","",""
"1","146","47.68834","13.076052","785.0","26.0","4","0.74","2016-09-16T13:23:45.000Z","","",""
"1","147","47.688357","13.07606","783.0","1.0","3.9","1.02","2016-09-16T13:23:46.000Z","","",""
"1","148","47.688373","13.076077","784.0","1.0","3.9","0.57","2016-09-16T13:23:49.000Z","","",""
"1","149","47.688374","13.076071","784.0","1.0","3.9","0.2","2016-09-16T13:23:50.000Z","","",""
"1","150","47.688374","13.076069","783.0","1.0","3.9","0.24","2016-09-16T13:23:51.000Z","","",""
"1","151","47.688459","13.076103","784.0","15.0","4","0.44","2016-09-16T13:24:10.000Z","","",""
"1","152","47.688461","13.076108","784.0","15.0","4","0.51","2016-09-16T13:24:11.000Z","","",""
"1","153","47.688534","13.076153","781.0","15.0","5","0.7","2016-09-16T13:24:29.000Z","","",""
"1","154","47.688546","13.076158","781.0","15.0","5","1.03","2016-09-16T13:24:30.000Z","","",""
"1","155","47.688614","13.076193","785.0","341.0","6","0.71","2016-09-16T13:24:39.000Z","","",""
"1","156","47.688638","13.076186","784.0","10.0","7","0.98","2016-09-16T13:24:40.000Z","","",""
"1","157","47.688714","13.076211","796.0","13.0","4","0.8","2016-09-16T13:24:58.000Z","","",""
"1","158","47.68873","13.076215","797.0","12.0","9","0.88","2016-09-16T13:24:59.000Z","","",""
"1","159","47.688806","13.076225","795.0","358.0","9","0.77","2016-09-16T13:25:04.000Z","","",""
"1","160","47.688845","13.076224","793.0","356.0","9","1.22","2016-09-16T13:25:05.000Z","","",""
"1","161","47.688924","13.076264","791.0","356.0","10","1.1","2016-09-16T13:25:11.000Z","","",""
"1","162","47.688951","13.076284","791.0","29.0","10","1.84","2016-09-16T13:25:12.000Z","","",""
"1","163","47.689037","13.076317","804.0","","10","0","2016-09-16T13:26:28.000Z","","",""
"1","164","47.689042","13.076312","805.0","","9","0","2016-09-16T13:26:29.000Z","","",""
"1","165","47.689038","13.076306","807.0","29.0","11","0.54","2016-09-16T13:26:49.000Z","","",""
"1","166","47.689034","13.07629","803.0","8.0","11","0.18","2016-09-16T13:26:50.000Z","","",""
"1","167","47.689041","13.076265","802.0","","11","0","2016-09-16T13:26:52.000Z","","",""
"1","168","47.689047","13.076273","802.0","121.0","11","0.37","2016-09-16T13:26:53.000Z","","",""
"1","169","47.689121","13.076312","808.0","149.0","10","0.34","2016-09-16T13:28:02.000Z","","",""
"1","170","47.689131","13.076331","807.0","118.0","10","0.26","2016-09-16T13:28:03.000Z","","",""
"1","171","47.689093","13.07645","801.0","","10","0","2016-09-16T13:28:28.000Z","","",""
"1","172","47.689088","13.07648","800.0","9.0","10","0.19","2016-09-16T13:28:29.000Z","","",""
"1","173","47.689092","13.076584","798.0","2.0","10","0.36","2016-09-16T13:28:42.000Z","","",""
"1","174","47.689106","13.076614","796.0","29.0","11","0.59","2016-09-16T13:28:43.000Z","","",""
"1","175","47.689094","13.076627","801.0","232.0","10","0.27","2016-09-16T13:28:48.000Z","","",""
"1","176","47.689105","13.076638","800.0","197.0","9","0.21","2016-09-16T13:28:49.000Z","","",""
"1","177","47.689101","13.076633","804.0","21.0","10","0.21","2016-09-16T13:28:52.000Z","","",""
"1","178","47.689094","13.076624","804.0","343.0","10","0.33","2016-09-16T13:28:53.000Z","","",""
"1","179","47.689142","13.076659","806.0","59.0","9","0.81","2016-09-16T13:29:12.000Z","","",""
"1","180","47.689139","13.076653","807.0","114.0","10","0.17","2016-09-16T13:29:13.000Z","","",""
"1","181","47.689137","13.076649","807.0","28.0","10","0.26","2016-09-16T13:29:14.000Z","","",""
"1","182","47.689198","13.076688","805.0","341.0","10","0.27","2016-09-16T13:29:22.000Z","","",""
"1","183","47.68923","13.076702","804.0","21.0","10","0.62","2016-09-16T13:29:23.000Z","","",""
"1","184","47.689212","13.076697","807.0","","10","0","2016-09-16T13:29:28.000Z","","",""
"1","185","47.689208","13.076697","808.0","33.0","10","0.21","2016-09-16T13:29:29.000Z","","",""
"1","186","47.689201","13.0767","809.0","100.0","10","0.35","2016-09-16T13:29:30.000Z","","",""
"1","187","47.689268","13.076766","806.0","37.0","5","0.47","2016-09-16T13:29:47.000Z","","",""
"1","188","47.689274","13.076783","807.0","83.0","5","0.81","2016-09-16T13:29:48.000Z","","",""
"1","189","47.689273","13.076811","807.0","89.0","4","0.53","2016-09-16T13:29:55.000Z","","",""
"1","190","47.689273","13.076821","807.0","23.0","4","0.2","2016-09-16T13:29:56.000Z","","",""
"1","191","47.689273","13.076816","807.0","18.0","5","0.38","2016-09-16T13:29:57.000Z","","",""
"1","192","47.689273","13.076854","817.0","68.0","8","0.39","2016-09-16T13:30:16.000Z","","",""
"1","193","47.689274","13.076842","817.0","59.0","7","0.15","2016-09-16T13:30:17.000Z","","",""
"1","194","47.68928","13.076893","820.0","","4","0","2016-09-16T13:30:54.000Z","","",""
"1","195","47.689287","13.076904","820.0","121.0","4","0.88","2016-09-16T13:30:55.000Z","","",""
"1","196","47.68934","13.07701","823.0","3.0","3.9","0.81","2016-09-16T13:31:05.000Z","","",""
"1","197","47.689349","13.077031","823.0","","3.9","0","2016-09-16T13:31:06.000Z","","",""
"1","198","47.689417","13.077092","831.0","26.0","3.9","1.23","2016-09-16T13:31:52.000Z","","",""
"1","199","47.689419","13.077088","832.0","27.0","3.9","0.18","2016-09-16T13:31:53.000Z","","",""
"1","200","47.689414","13.077087","834.0","","3.9","0","2016-09-16T13:32:19.000Z","","",""
"1","201","47.689419","13.077075","836.0","296.0","3.9","0.34","2016-09-16T13:32:20.000Z","","",""
"1","202","47.689429","13.077116","834.0","","3.9","0","2016-09-16T13:35:26.000Z","","",""
"1","203","47.689426","13.077121","834.0","168.0","3.9","0.18","2016-09-16T13:35:27.000Z","","",""
"1","204","47.689429","13.07712","834.0","168.0","3.9","0.23","2016-09-16T13:35:28.000Z","","",""
"1","205","47.689407","13.077055","832.0","195.0","3.9","0.53","2016-09-16T13:38:04.000Z","","",""
"1","206","47.689413","13.077057","833.0","195.0","3.9","0.22","2016-09-16T13:38:05.000Z","","",""
"1","207","47.689412","13.077059","833.0","195.0","3.9","0.35","2016-09-16T13:38:06.000Z","","",""
"1","208","47.689407","13.077059","834.0","195.0","3.9","0.18","2016-09-16T13:38:07.000Z","","",""
"1","209","47.689406","13.077057","832.0","","3.9","0","2016-09-16T13:38:13.000Z","","",""
"1","210","47.689396","13.077042","833.0","195.0","3.9","1.19","2016-09-16T13:38:14.000Z","","",""
"1","211","47.689325","13.077008","833.0","","4","0","2016-09-16T13:38:43.000Z","","",""
"1","212","47.689321","13.076994","833.0","190.0","4","0.2","2016-09-16T13:38:44.000Z","","",""
"1","213","47.68932","13.077003","832.0","","10","0","2016-09-16T13:40:37.000Z","","",""
"1","214","47.689319","13.077015","832.0","202.0","10","0.63","2016-09-16T13:40:38.000Z","","",""
"1","215","47.689285","13.077019","837.0","122.0","10","0.33","2016-09-16T13:40:46.000Z","","",""
"1","216","47.689283","13.077015","837.0","83.0","10","0.15","2016-09-16T13:40:47.000Z","","",""
"1","217","47.689281","13.077013","836.0","","10","0","2016-09-16T13:40:50.000Z","","",""
"1","218","47.689281","13.077004","836.0","218.0","10","0.41","2016-09-16T13:40:51.000Z","","",""
"1","219","47.689213","13.077","844.0","164.0","4","0.39","2016-09-16T13:41:35.000Z","","",""
"1","220","47.689213","13.077011","844.0","139.0","5","0.17","2016-09-16T13:41:36.000Z","","",""
"1","221","47.689221","13.077016","845.0","28.0","5","0.24","2016-09-16T13:41:37.000Z","","",""
"1","222","47.689187","13.077124","853.0","174.0","4","0.24","2016-09-16T13:43:07.000Z","","",""
"1","223","47.689182","13.077141","853.0","146.0","4","1.05","2016-09-16T13:43:08.000Z","","",""
"1","224","47.689105","13.077209","857.0","172.0","10","0.74","2016-09-16T13:43:17.000Z","","",""
"1","225","47.689103","13.077212","856.0","172.0","10","0.41","2016-09-16T13:43:18.000Z","","",""
"1","226","47.689052","13.077314","856.0","194.0","11","0.76","2016-09-16T13:43:34.000Z","","",""
"1","227","47.689049","13.077333","857.0","171.0","11","0.42","2016-09-16T13:43:35.000Z","","",""
"1","228","47.688979","13.077389","866.0","138.0","6","0.33","2016-09-16T13:43:55.000Z","","",""
"1","229","47.68898","13.077377","866.0","171.0","5","0.19","2016-09-16T13:43:56.000Z","","",""
"1","230","47.688983","13.077384","867.0","88.0","5","0.32","2016-09-16T13:43:57.000Z","","",""
"1","231","47.688907","13.077456","872.0","105.0","6","0.98","2016-09-16T13:44:18.000Z","","",""
"1","232","47.688904","13.077473","872.0","105.0","5","0.7","2016-09-16T13:44:19.000Z","","",""
"1","233","47.688878","13.077599","874.0","146.0","4","0.38","2016-09-16T13:44:30.000Z","","",""
"1","234","47.688884","13.077605","874.0","146.0","4","0.66","2016-09-16T13:44:31.000Z","","",""
"1","235","47.688897","13.077609","875.0","146.0","3.9","0.79","2016-09-16T13:44:33.000Z","","",""
"1","236","47.688893","13.077601","875.0","146.0","4","0.18","2016-09-16T13:44:34.000Z","","",""
"1","237","47.688885","13.077604","876.0","146.0","4","0.53","2016-09-16T13:44:35.000Z","","",""
"1","238","47.688908","13.077732","881.0","95.0","3.9","0.42","2016-09-16T13:45:04.000Z","","",""
"1","239","47.688912","13.077743","882.0","95.0","3.9","0.47","2016-09-16T13:45:05.000Z","","",""
"1","240","47.688917","13.077748","882.0","","3.9","0","2016-09-16T13:45:10.000Z","","",""
"1","241","47.688917","13.077752","882.0","95.0","3.9","0.15","2016-09-16T13:45:11.000Z","","",""
"1","242","47.688912","13.077754","882.0","95.0","3.9","0.22","2016-09-16T13:45:12.000Z","","",""
"1","243","47.688909","13.077752","883.0","95.0","3.9","0.53","2016-09-16T13:45:13.000Z","","",""
"1","244","47.688883","13.077794","883.0","139.0","3.9","0.24","2016-09-16T13:45:24.000Z","","",""
"1","245","47.688877","13.077794","883.0","139.0","3.9","0.17","2016-09-16T13:45:25.000Z","","",""
"1","246","47.688872","13.077798","883.0","","3.9","0","2016-09-16T13:45:28.000Z","","",""
"1","247","47.688884","13.077797","883.0","353.0","3.9","0.8","2016-09-16T13:45:29.000Z","","",""
"1","248","47.6889","13.077763","886.0","310.0","4","0.37","2016-09-16T13:45:51.000Z","","",""
"1","249","47.688892","13.077756","886.0","310.0","3.9","0.17","2016-09-16T13:45:52.000Z","","",""
"1","250","47.688892","13.077756","888.0","","3.9","0","2016-09-16T13:48:03.000Z","","",""
"1","251","47.688895","13.077763","888.0","310.0","4","0.23","2016-09-16T13:48:04.000Z","","",""
"1","252","47.688897","13.077765","889.0","","4","0","2016-09-16T13:49:01.000Z","","",""
"1","253","47.6889","13.077774","890.0","68.0","4","0.19","2016-09-16T13:49:02.000Z","","",""
"1","254","47.688904","13.077762","885.0","","3.9","0","2016-09-16T13:49:51.000Z","","",""
"1","255","47.688895","13.077764","884.0","182.0","3.9","0.24","2016-09-16T13:49:52.000Z","","",""
"1","256","47.688882","13.077788","886.0","","3.9","0","2016-09-16T13:50:06.000Z","","",""
"1","257","47.688884","13.077783","885.0","138.0","3.9","0.2","2016-09-16T13:50:07.000Z","","",""
"1","258","47.688882","13.077774","885.0","275.0","3.9","0.6","2016-09-16T13:50:08.000Z","","",""
"1","259","47.68889","13.077757","884.0","","3.9","0","2016-09-16T13:50:10.000Z","","",""
"1","260","47.68889","13.077752","884.0","275.0","3.9","0.19","2016-09-16T13:50:11.000Z","","",""
"1","261","47.688884","13.077765","886.0","","3.9","0","2016-09-16T13:50:59.000Z","","",""
"1","262","47.688891","13.077758","886.0","275.0","3.9","0.29","2016-09-16T13:51:00.000Z","","",""
"1","263","47.688902","13.077761","881.0","","9","0","2016-09-16T13:51:23.000Z","","",""
"1","264","47.688905","13.077762","881.0","275.0","9","0.18","2016-09-16T13:51:24.000Z","","",""
"1","265","47.688909","13.077747","885.0","","3.9","0","2016-09-16T13:51:35.000Z","","",""
"1","266","47.688908","13.077742","884.0","275.0","3.9","0.42","2016-09-16T13:51:36.000Z","","",""
"1","267","47.688906","13.07774","883.0","275.0","3.9","0.25","2016-09-16T13:51:37.000Z","","",""
"1","268","47.688905","13.077746","883.0","275.0","3.9","0.2","2016-09-16T13:51:38.000Z","","",""
"1","269","47.688906","13.077747","883.0","275.0","3.9","0.31","2016-09-16T13:51:39.000Z","","",""
"1","270","47.68892","13.077788","884.0","","3.9","0","2016-09-16T13:52:58.000Z","","",""
"1","271","47.688924","13.077787","884.0","263.0","3.9","0.19","2016-09-16T13:52:59.000Z","","",""
"1","272","47.688934","13.077784","884.0","263.0","3.9","0.44","2016-09-16T13:53:00.000Z","","",""
"1","273","47.68893","13.07775","884.0","219.0","3.9","0.49","2016-09-16T13:53:06.000Z","","",""
"1","274","47.688932","13.077751","884.0","219.0","3.9","0.22","2016-09-16T13:53:07.000Z","","",""
"1","275","47.688923","13.077748","884.0","","3.9","0","2016-09-16T13:53:18.000Z","","",""
"1","276","47.688932","13.077743","884.0","219.0","3.9","0.6","2016-09-16T13:53:19.000Z","","",""
"1","277","47.688958","13.077664","885.0","","3.9","0","2016-09-16T13:53:34.000Z","","",""
"1","278","47.688959","13.077663","885.0","219.0","4","0.16","2016-09-16T13:53:35.000Z","","",""
"1","279","47.688952","13.077668","886.0","","3.9","0","2016-09-16T13:53:36.000Z","","",""
"1","280","47.688955","13.07766","885.0","219.0","3.9","0.25","2016-09-16T13:53:37.000Z","","",""
"1","281","47.688914","13.077625","878.0","","3.9","0","2016-09-16T13:54:10.000Z","","",""
"1","282","47.68891","13.077626","877.0","219.0","3.9","0.18","2016-09-16T13:54:11.000Z","","",""
"1","283","47.688901","13.077615","876.0","","3.9","0","2016-09-16T13:54:16.000Z","","",""
"1","284","47.688898","13.077622","876.0","219.0","3.9","0.36","2016-09-16T13:54:17.000Z","","",""
"1","285","47.688919","13.077497","876.0","268.0","4","0.5","2016-09-16T13:54:43.000Z","","",""
"1","286","47.688923","13.077488","875.0","330.0","4","0.76","2016-09-16T13:54:44.000Z","","",""
"1","287","47.688962","13.077406","873.0","","5","0","2016-09-16T13:54:51.000Z","","",""
"1","288","47.688962","13.077408","873.0","310.0","5","0.18","2016-09-16T13:54:52.000Z","","",""
"1","289","47.688976","13.077432","872.0","43.0","5","1.21","2016-09-16T13:54:53.000Z","","",""
"1","290","47.689031","13.077446","868.0","","10","0","2016-09-16T13:55:35.000Z","","",""
"1","291","47.689031","13.077448","868.0","157.0","10","0.16","2016-09-16T13:55:36.000Z","","",""
"1","292","47.689025","13.077427","868.0","","10","0","2016-09-16T13:55:39.000Z","","",""
"1","293","47.689012","13.077409","868.0","224.0","3.9","0.33","2016-09-16T13:55:40.000Z","","",""
"1","294","47.689071","13.077361","863.0","","6","0","2016-09-16T13:56:26.000Z","","",""
"1","295","47.689066","13.077358","862.0","231.0","6","0.16","2016-09-16T13:56:27.000Z","","",""
"1","296","47.689069","13.077346","862.0","274.0","6","0.17","2016-09-16T13:56:31.000Z","","",""
"1","297","47.689062","13.077335","862.0","199.0","6","0.61","2016-09-16T13:56:32.000Z","","",""
"1","298","47.689097","13.077253","858.0","","9","0","2016-09-16T13:56:59.000Z","","",""
"1","299","47.689099","13.077254","858.0","63.0","9","0.15","2016-09-16T13:57:00.000Z","","",""
"1","300","47.689098","13.077279","856.0","","3.9","0","2016-09-16T13:57:16.000Z","","",""
"1","301","47.689105","13.077263","856.0","318.0","3.9","0.84","2016-09-16T13:57:17.000Z","","",""
"1","302","47.689114","13.077207","857.0","","3.9","0","2016-09-16T13:57:23.000Z","","",""
"1","303","47.689118","13.077205","857.0","269.0","3.9","0.16","2016-09-16T13:57:24.000Z","","",""
"1","304","47.689119","13.077204","856.0","","3.9","0","2016-09-16T13:57:25.000Z","","",""
"1","305","47.689121","13.077208","856.0","35.0","4","0.26","2016-09-16T13:57:26.000Z","","",""
"1","306","47.689108","13.077209","856.0","67.0","3.9","0.17","2016-09-16T13:57:27.000Z","","",""
"1","307","47.689115","13.077204","856.0","342.0","3.9","0.51","2016-09-16T13:57:28.000Z","","",""
"1","308","47.689129","13.077183","852.0","311.0","3.9","0.65","2016-09-16T13:57:35.000Z","","",""
"1","309","47.689129","13.077176","851.0","359.0","3.9","0.21","2016-09-16T13:57:36.000Z","","",""
"1","310","47.689137","13.077177","851.0","0.0","3.9","0.48","2016-09-16T13:57:37.000Z","","",""
"1","311","47.689185","13.077143","849.0","","3.9","0","2016-09-16T13:57:58.000Z","","",""
"1","312","47.689188","13.077141","849.0","300.0","3.9","0.15","2016-09-16T13:57:59.000Z","","",""
"1","313","47.689188","13.077133","850.0","251.0","3.9","0.52","2016-09-16T13:58:00.000Z","","",""
"1","314","47.689188","13.077141","848.0","","3.9","0","2016-09-16T13:58:06.000Z","","",""
"1","315","47.689189","13.077147","847.0","86.0","3.9","0.22","2016-09-16T13:58:07.000Z","","",""
"1","316","47.689178","13.077137","846.0","","3.9","0","2016-09-16T13:58:08.000Z","","",""
"1","317","47.689176","13.077129","846.0","248.0","3.9","0.36","2016-09-16T13:58:09.000Z","","",""
"1","318","47.689174","13.077119","845.0","248.0","3.9","0.19","2016-09-16T13:58:10.000Z","","",""
"1","319","47.689171","13.077115","844.0","240.0","3.9","0.31","2016-09-16T13:58:11.000Z","","",""
"1","320","47.68916","13.077113","844.0","227.0","3.9","0.35","2016-09-16T13:58:14.000Z","","",""
"1","321","47.689159","13.077115","843.0","125.0","3.9","0.19","2016-09-16T13:58:15.000Z","","",""
"1","322","47.68916","13.077097","844.0","245.0","4","0.41","2016-09-16T13:58:16.000Z","","",""
"1","323","47.689184","13.077077","839.0","","6","0","2016-09-16T13:58:37.000Z","","",""
"1","324","47.689187","13.077073","839.0","358.0","6","0.22","2016-09-16T13:58:38.000Z","","",""
"1","325","47.689197","13.077072","839.0","","5","0","2016-09-16T13:58:40.000Z","","",""
"1","326","47.689207","13.077087","839.0","355.0","5","0.43","2016-09-16T13:58:41.000Z","","",""
"1","327","47.689208","13.077097","839.0","339.0","5","0.21","2016-09-16T13:58:42.000Z","","",""
"1","328","47.689215","13.077086","840.0","346.0","5","0.63","2016-09-16T13:58:43.000Z","","",""
"1","329","47.689218","13.077041","837.0","12.0","4","0.37","2016-09-16T13:59:11.000Z","","",""
"1","330","47.689221","13.077043","837.0","10.0","4","0.17","2016-09-16T13:59:12.000Z","","",""
"1","331","47.689224","13.077035","838.0","","4","0","2016-09-16T13:59:14.000Z","","",""
"1","332","47.68923","13.077036","837.0","23.0","4","0.23","2016-09-16T13:59:15.000Z","","",""
"1","333","47.68928","13.076994","834.0","45.0","3.9","0.3","2016-09-16T13:59:40.000Z","","",""
"1","334","47.689281","13.076998","835.0","45.0","3.9","0.19","2016-09-16T13:59:41.000Z","","",""
"1","335","47.689283","13.077006","834.0","48.0","3.9","0.21","2016-09-16T13:59:42.000Z","","",""
"1","336","47.689282","13.077014","834.0","132.0","3.9","0.52","2016-09-16T13:59:43.000Z","","",""
"1","337","47.689314","13.076989","823.0","","4","0","2016-09-16T14:00:38.000Z","","",""
"1","338","47.689317","13.076981","823.0","171.0","4","0.19","2016-09-16T14:00:39.000Z","","",""
"1","339","47.689315","13.07697","833.0","","3.9","0","2016-09-16T14:00:48.000Z","","",""
"1","340","47.689307","13.076961","831.0","202.0","3.9","0.65","2016-09-16T14:00:49.000Z","","",""
"1","341","47.689293","13.076836","819.0","","4","0","2016-09-16T14:01:17.000Z","","",""
"1","342","47.689282","13.076822","819.0","213.0","4","0.51","2016-09-16T14:01:18.000Z","","",""
"1","343","47.689257","13.076707","812.0","261.0","4","0.62","2016-09-16T14:02:08.000Z","","",""
"1","344","47.689259","13.076684","810.0","276.0","5","0.95","2016-09-16T14:02:09.000Z","","",""
"1","345","47.689188","13.076624","805.0","265.0","11","0.64","2016-09-16T14:02:36.000Z","","",""
"1","346","47.689193","13.076651","804.0","325.0","12","0.19","2016-09-16T14:02:37.000Z","","",""
"1","347","47.689192","13.076644","804.0","290.0","13","0.22","2016-09-16T14:02:38.000Z","","",""
"1","348","47.689192","13.076699","803.0","85.0","14","0.57","2016-09-16T14:02:39.000Z","","",""
"1","349","47.689106","13.076691","802.0","","11","0","2016-09-16T14:02:53.000Z","","",""
"1","350","47.689102","13.076682","802.0","","11","0","2016-09-16T14:02:54.000Z","","",""
"1","351","47.689124","13.076636","801.0","335.0","11","0.62","2016-09-16T14:03:19.000Z","","",""
"1","352","47.689116","13.076637","801.0","175.0","11","0.15","2016-09-16T14:03:20.000Z","","",""
"1","353","47.689127","13.076643","798.0","195.0","11","0.77","2016-09-16T14:03:21.000Z","","",""
"1","354","47.689146","13.076542","794.0","299.0","11","0.43","2016-09-16T14:03:26.000Z","","",""
"1","355","47.689143","13.076499","793.0","283.0","11","0.92","2016-09-16T14:03:27.000Z","","",""
"1","356","47.689159","13.076497","793.0","28.0","11","0.41","2016-09-16T14:03:29.000Z","","",""
"1","357","47.689154","13.076498","793.0","225.0","11","0.21","2016-09-16T14:03:30.000Z","","",""
"1","358","47.689155","13.076504","794.0","","11","0","2016-09-16T14:03:31.000Z","","",""
"1","359","47.689163","13.076501","794.0","353.0","11","0.71","2016-09-16T14:03:32.000Z","","",""
"1","360","47.689222","13.076407","790.0","240.0","10","0.5","2016-09-16T14:03:45.000Z","","",""
"1","361","47.689221","13.076378","790.0","256.0","10","0.71","2016-09-16T14:03:46.000Z","","",""
"1","362","47.68919","13.076263","791.0","179.0","10","0.66","2016-09-16T14:04:00.000Z","","",""
"1","363","47.689182","13.076249","792.0","195.0","10","0.47","2016-09-16T14:04:01.000Z","","",""
"1","364","47.689107","13.076232","795.0","176.0","11","0.95","2016-09-16T14:04:07.000Z","","",""
"1","365","47.68909","13.076231","795.0","184.0","11","1.25","2016-09-16T14:04:08.000Z","","",""
"1","366","47.689039","13.076145","803.0","217.0","11","0.63","2016-09-16T14:04:17.000Z","","",""
"1","367","47.689015","13.076121","801.0","204.0","11","0.92","2016-09-16T14:04:18.000Z","","",""
"1","368","47.688939","13.076077","807.0","190.0","10","0.34","2016-09-16T14:04:30.000Z","","",""
"1","369","47.688924","13.076074","808.0","202.0","10","0.55","2016-09-16T14:04:31.000Z","","",""
"1","370","47.688851","13.076077","809.0","173.0","11","0.91","2016-09-16T14:04:37.000Z","","",""
"1","371","47.688824","13.076084","810.0","170.0","12","1.28","2016-09-16T14:04:38.000Z","","",""
"1","372","47.688807","13.076162","812.0","124.0","13","1.49","2016-09-16T14:04:41.000Z","","",""
"1","373","47.688831","13.076146","812.0","107.0","12","0.19","2016-09-16T14:04:42.000Z","","",""
"1","374","47.688778","13.076118","811.0","208.0","11","0.65","2016-09-16T14:04:43.000Z","","",""
"1","375","47.688692","13.076075","812.0","177.0","11","0.44","2016-09-16T14:04:49.000Z","","",""
"1","376","47.688677","13.076072","812.0","182.0","11","0.95","2016-09-16T14:04:50.000Z","","",""
"1","377","47.688594","13.076036","811.0","205.0","11","0.62","2016-09-16T14:04:54.000Z","","",""
"1","378","47.68858","13.076043","813.0","200.0","11","0.59","2016-09-16T14:04:55.000Z","","",""
"1","379","47.688523","13.076027","816.0","186.0","11","1.32","2016-09-16T14:05:00.000Z","","",""
"1","380","47.688487","13.07603","817.0","186.0","11","1.89","2016-09-16T14:05:01.000Z","","",""
"1","381","47.688425","13.07605","808.0","201.0","10","0.84","2016-09-16T14:05:08.000Z","","",""
"1","382","47.688391","13.07605","810.0","204.0","10","1.25","2016-09-16T14:05:09.000Z","","",""
"1","383","47.688353","13.076031","804.0","","10","0","2016-09-16T14:05:18.000Z","","",""
"1","384","47.688359","13.076029","803.0","227.0","10","0.15","2016-09-16T14:05:19.000Z","","",""
"1","385","47.688355","13.076033","804.0","223.0","10","0.43","2016-09-16T14:05:20.000Z","","",""
"1","386","47.688342","13.076023","797.0","","5","0","2016-09-16T14:05:33.000Z","","",""
"1","387","47.688344","13.076018","796.0","86.0","5","0.19","2016-09-16T14:05:34.000Z","","",""
"1","388","47.688346","13.07603","792.0","","6","0","2016-09-16T14:06:03.000Z","","",""
"1","389","47.688339","13.075918","791.0","246.0","5","1.42","2016-09-16T14:06:04.000Z","","",""
"1","390","47.688333","13.075801","787.0","263.0","7","1.32","2016-09-16T14:06:06.000Z","","",""
"1","391","47.688346","13.075757","783.0","275.0","8","1.1","2016-09-16T14:06:07.000Z","","",""
"1","392","47.688275","13.075734","781.0","197.0","8","1.12","2016-09-16T14:06:10.000Z","","",""
"1","393","47.688258","13.075721","779.0","206.0","7","0.83","2016-09-16T14:06:11.000Z","","",""
"1","394","47.6882","13.07562","773.0","172.0","5","0.81","2016-09-16T14:06:21.000Z","","",""
"1","395","47.688199","13.075614","770.0","151.0","5","0.68","2016-09-16T14:06:22.000Z","","",""
"1","396","47.688115","13.07565","770.0","140.0","4","1.28","2016-09-16T14:06:34.000Z","","",""
"1","397","47.688108","13.075656","770.0","140.0","4","0.72","2016-09-16T14:06:35.000Z","","",""
"1","398","47.688105","13.075657","769.0","140.0","4","0.53","2016-09-16T14:06:36.000Z","","",""
"1","399","47.688109","13.075656","770.0","140.0","4","0.2","2016-09-16T14:06:37.000Z","","",""
"1","400","47.68809","13.075644","770.0","140.0","4","0.22","2016-09-16T14:06:44.000Z","","",""
"1","401","47.688088","13.075638","768.0","140.0","4","0.42","2016-09-16T14:06:45.000Z","","",""
"1","402","47.688002","13.075609","766.0","142.0","4","1.16","2016-09-16T14:06:54.000Z","","",""
"1","403","47.687977","13.075626","767.0","142.0","4","1.11","2016-09-16T14:06:55.000Z","","",""
"1","404","47.68791","13.075699","767.0","140.0","5","1.1","2016-09-16T14:07:04.000Z","","",""
"1","405","47.687904","13.075705","767.0","140.0","5","0.99","2016-09-16T14:07:05.000Z","","",""
"1","406","47.687864","13.075794","767.0","124.0","4","0.92","2016-09-16T14:07:15.000Z","","",""
"1","407","47.687856","13.075821","766.0","123.0","4","1.08","2016-09-16T14:07:16.000Z","","",""
"1","408","47.687804","13.075899","762.0","117.0","4","2.2","2016-09-16T14:07:24.000Z","","",""
"1","409","47.687787","13.075914","761.0","138.0","4","2.02","2016-09-16T14:07:25.000Z","","",""
"1","410","47.687703","13.075931","757.0","146.0","3.9","3.14","2016-09-16T14:07:29.000Z","","",""
"1","411","47.687699","13.075956","757.0","145.0","3.9","2.07","2016-09-16T14:07:30.000Z","","",""
"1","412","47.68762","13.076018","756.0","145.0","4","0.57","2016-09-16T14:07:42.000Z","","",""
"1","413","47.687612","13.076016","757.0","145.0","4","0.36","2016-09-16T14:07:43.000Z","","",""
"1","414","47.687633","13.076128","759.0","70.0","4","1.19","2016-09-16T14:07:48.000Z","","",""
"1","415","47.687636","13.076146","759.0","70.0","4","0.9","2016-09-16T14:07:49.000Z","","",""
"1","416","47.687583","13.076242","756.0","127.0","3.9","0.99","2016-09-16T14:07:56.000Z","","",""
"1","417","47.687575","13.076248","755.0","151.0","3.9","1.18","2016-09-16T14:07:57.000Z","","",""
"1","418","47.687514","13.076346","753.0","117.0","3.9","1.16","2016-09-16T14:08:05.000Z","","",""
"1","419","47.687508","13.076353","753.0","117.0","3.9","1.37","2016-09-16T14:08:06.000Z","","",""
"1","420","47.68744","13.076411","754.0","146.0","3.9","1.16","2016-09-16T14:08:16.000Z","","",""
"1","421","47.687427","13.076415","754.0","146.0","3.9","1.26","2016-09-16T14:08:17.000Z","","",""
"1","422","47.687364","13.076489","751.0","146.0","3.9","0.94","2016-09-16T14:08:24.000Z","","",""
"1","423","47.687356","13.076506","751.0","146.0","3.9","1.02","2016-09-16T14:08:25.000Z","","",""
"1","424","47.687292","13.076587","749.0","141.0","3.9","1.07","2016-09-16T14:08:32.000Z","","",""
"1","425","47.687286","13.076601","749.0","141.0","3.9","1.08","2016-09-16T14:08:33.000Z","","",""
"1","426","47.687221","13.07668","750.0","141.0","3.9","1.09","2016-09-16T14:08:42.000Z","","",""
"1","427","47.687216","13.076687","750.0","141.0","3.9","1.05","2016-09-16T14:08:43.000Z","","",""
"1","428","47.687147","13.076767","754.0","145.0","3.9","1.39","2016-09-16T14:08:51.000Z","","",""
"1","429","47.687139","13.076775","754.0","150.0","3.9","1.09","2016-09-16T14:08:52.000Z","","",""
"1","430","47.687058","13.076822","753.0","150.0","3.9","1.24","2016-09-16T14:09:00.000Z","","",""
"1","431","47.68705","13.07683","753.0","150.0","3.9","1.28","2016-09-16T14:09:01.000Z","","",""
"1","432","47.686975","13.076893","754.0","131.0","3.9","0.76","2016-09-16T14:09:12.000Z","","",""
"1","433","47.686969","13.076905","754.0","127.0","3.9","0.66","2016-09-16T14:09:13.000Z","","",""
"1","434","47.686936","13.077027","756.0","103.0","3.9","1.08","2016-09-16T14:09:25.000Z","","",""
"1","435","47.686928","13.077044","756.0","104.0","3.9","0.94","2016-09-16T14:09:26.000Z","","",""
"1","436","47.686922","13.077158","759.0","104.0","4","0.67","2016-09-16T14:09:37.000Z","","",""
"1","437","47.68691","13.077184","760.0","104.0","4","0.64","2016-09-16T14:09:38.000Z","","",""
"1","438","47.686857","13.077284","756.0","133.0","3.9","1.04","2016-09-16T14:09:52.000Z","","",""
"1","439","47.686852","13.077299","756.0","130.0","3.9","1.1","2016-09-16T14:09:53.000Z","","",""
"1","440","47.686796","13.077391","755.0","130.0","4","1.22","2016-09-16T14:10:01.000Z","","",""
"1","441","47.686797","13.07741","755.0","112.0","4","1.38","2016-09-16T14:10:02.000Z","","",""
"1","442","47.686849","13.077314","754.0","218.0","3.9","1.16","2016-09-16T14:10:24.000Z","","",""
"1","443","47.686858","13.077303","754.0","218.0","3.9","1.01","2016-09-16T14:10:25.000Z","","",""
"1","444","47.686908","13.077412","751.0","92.0","4","1.25","2016-09-16T14:11:05.000Z","","",""
"1","445","47.686904","13.077433","751.0","93.0","4","1.57","2016-09-16T14:11:06.000Z","","",""
"1","446","47.686904","13.077554","752.0","100.0","4","0.83","2016-09-16T14:11:15.000Z","","",""
"1","447","47.686897","13.077578","751.0","100.0","3.9","0.87","2016-09-16T14:11:16.000Z","","",""
"1","448","47.686818","13.077601","750.0","207.0","9","0.83","2016-09-16T14:11:32.000Z","","",""
"1","449","47.686802","13.077603","750.0","207.0","9","0.82","2016-09-16T14:11:33.000Z","","",""
"1","450","47.686721","13.077638","750.0","207.0","9","1.14","2016-09-16T14:11:41.000Z","","",""
"1","451","47.686707","13.077643","749.0","134.0","9","1.32","2016-09-16T14:11:42.000Z","","",""
"1","452","47.686697","13.077658","749.0","134.0","9","0.93","2016-09-16T14:11:43.000Z","","",""
"1","453","47.686694","13.077658","750.0","134.0","9","0.16","2016-09-16T14:11:44.000Z","","",""
"1","454","47.686683","13.077656","750.0","134.0","9","0.65","2016-09-16T14:11:45.000Z","","",""
"1","455","47.686616","13.07773","748.0","134.0","3.9","0.99","2016-09-16T14:11:53.000Z","","",""
"1","456","47.686605","13.077725","748.0","135.0","3.9","1.02","2016-09-16T14:11:54.000Z","","",""
"1","457","47.686546","13.077819","745.0","135.0","4","1.97","2016-09-16T14:12:09.000Z","","",""
"1","458","47.686542","13.077838","745.0","185.0","4","0.89","2016-09-16T14:12:10.000Z","","",""
"1","459","47.686467","13.07787","748.0","","3.9","0","2016-09-16T14:12:20.000Z","","",""
"1","460","47.686451","13.07789","746.0","154.0","3.9","0.94","2016-09-16T14:12:21.000Z","","",""
"1","461","47.686386","13.077976","745.0","120.0","3.9","0.54","2016-09-16T14:12:30.000Z","","",""
"1","462","47.68638","13.077986","745.0","120.0","3.9","0.51","2016-09-16T14:12:31.000Z","","",""
"1","463","47.686384","13.077984","744.0","120.0","3.9","0.22","2016-09-16T14:12:32.000Z","","",""
"1","464","47.686376","13.077978","743.0","120.0","3.9","0.59","2016-09-16T14:12:33.000Z","","",""
"1","465","47.686344","13.077989","739.0","141.0","3.9","0.39","2016-09-16T14:13:00.000Z","","",""
"1","466","47.686346","13.077986","738.0","141.0","3.9","0.21","2016-09-16T14:13:01.000Z","","",""
"1","467","47.686346","13.077981","739.0","","3.9","0","2016-09-16T14:13:04.000Z","","",""
"1","468","47.686344","13.077988","738.0","141.0","3.9","0.28","2016-09-16T14:13:05.000Z","","",""
"1","469","47.686335","13.077988","737.0","141.0","3.9","0.18","2016-09-16T14:13:06.000Z","","",""
"1","470","47.686333","13.077993","737.0","141.0","3.9","0.56","2016-09-16T14:13:07.000Z","","",""
"1","471","47.686251","13.078048","737.0","158.0","3.9","0.69","2016-09-16T14:13:19.000Z","","",""
"1","472","47.686242","13.078045","737.0","164.0","3.9","0.5","2016-09-16T14:13:20.000Z","","",""
"1","473","47.686162","13.078071","734.0","162.0","3.9","0.85","2016-09-16T14:13:32.000Z","","",""
"1","474","47.686152","13.078073","733.0","162.0","3.9","0.79","2016-09-16T14:13:33.000Z","","",""
"1","475","47.686081","13.078153","731.0","142.0","3.9","0.99","2016-09-16T14:13:50.000Z","","",""
"1","476","47.686072","13.078157","731.0","142.0","3.9","1.02","2016-09-16T14:13:51.000Z","","",""
"1","477","47.686002","13.078227","729.0","142.0","3.9","0.89","2016-09-16T14:14:01.000Z","","",""
"1","478","47.685995","13.07824","728.0","142.0","3.9","0.97","2016-09-16T14:14:02.000Z","","",""
"1","479","47.685929","13.078301","727.0","144.0","3.9","1.19","2016-09-16T14:14:11.000Z","","",""
"1","480","47.685919","13.078316","726.0","144.0","3.9","1.46","2016-09-16T14:14:12.000Z","","",""
"1","481","47.685867","13.078419","727.0","135.0","3.9","0.66","2016-09-16T14:14:26.000Z","","",""
"1","482","47.685863","13.078431","727.0","135.0","3.9","0.76","2016-09-16T14:14:27.000Z","","",""
"1","483","47.68578","13.078476","720.0","168.0","3.9","0.59","2016-09-16T14:14:43.000Z","","",""
"1","484","47.685778","13.078482","720.0","168.0","4","0.56","2016-09-16T14:14:44.000Z","","",""
"1","485","47.685698","13.078515","719.0","148.0","5","0.79","2016-09-16T14:14:55.000Z","","",""
"1","486","47.685683","13.078519","719.0","148.0","4","1.08","2016-09-16T14:14:56.000Z","","",""
"1","487","47.685622","13.078566","720.0","141.0","3.9","1.44","2016-09-16T14:15:24.000Z","","",""
"1","488","47.685599","13.07862","719.0","114.0","3.9","1.71","2016-09-16T14:15:25.000Z","","",""
"1","489","47.685541","13.078721","716.0","141.0","4","1.38","2016-09-16T14:15:30.000Z","","",""
"1","490","47.685525","13.078741","716.0","141.0","4","1.57","2016-09-16T14:15:31.000Z","","",""
"1","491","47.685452","13.078819","716.0","136.0","4","1.25","2016-09-16T14:15:37.000Z","","",""
"1","492","47.685443","13.078833","716.0","136.0","4","1.23","2016-09-16T14:15:38.000Z","","",""
"1","493","47.685385","13.078931","714.0","136.0","4","1.03","2016-09-16T14:15:46.000Z","","",""
"1","494","47.68538","13.07894","713.0","136.0","5","0.96","2016-09-16T14:15:47.000Z","","",""
"1","495","47.685325","13.079036","713.0","146.0","6","0.79","2016-09-16T14:15:56.000Z","","",""
"1","496","47.68533","13.079051","713.0","167.0","7","0.67","2016-09-16T14:15:57.000Z","","",""
"1","497","47.685262","13.079113","713.0","155.0","4","0.93","2016-09-16T14:16:07.000Z","","",""
"1","498","47.685253","13.079121","713.0","155.0","3.9","0.82","2016-09-16T14:16:08.000Z","","",""
"1","499","47.685173","13.079169","711.0","139.0","3.9","1.13","2016-09-16T14:16:16.000Z","","",""
"1","500","47.685161","13.079183","711.0","139.0","3.9","0.96","2016-09-16T14:16:17.000Z","","",""
"1","501","47.685084","13.079231","710.0","161.0","3.9","0.59","2016-09-16T14:16:25.000Z","","",""
"1","502","47.685072","13.079241","709.0","161.0","4","1.05","2016-09-16T14:16:26.000Z","","",""
"1","503","47.685003","13.079317","706.0","139.0","4","1.22","2016-09-16T14:16:32.000Z","","",""
"1","504","47.684996","13.079327","705.0","139.0","5","1.11","2016-09-16T14:16:33.000Z","","",""
"1","505","47.684944","13.079414","703.0","135.0","5","1.09","2016-09-16T14:16:39.000Z","","",""
"1","506","47.684928","13.079423","703.0","146.0","6","1.53","2016-09-16T14:16:40.000Z","","",""
"1","507","47.684912","13.079545","700.0","135.0","8","0.96","2016-09-16T14:16:45.000Z","","",""
"1","508","47.684914","13.079565","700.0","106.0","8","1.18","2016-09-16T14:16:46.000Z","","",""
"1","509","47.684878","13.079647","699.0","118.0","7","0.74","2016-09-16T14:16:53.000Z","","",""
"1","510","47.684868","13.079702","697.0","118.0","8","1.46","2016-09-16T14:16:54.000Z","","",""
"1","511","47.684826","13.079818","697.0","114.0","5","1.09","2016-09-16T14:17:05.000Z","","",""
"1","512","47.684826","13.079847","696.0","114.0","5","1.11","2016-09-16T14:17:06.000Z","","",""
"1","513","47.684799","13.079957","697.0","79.0","5","1.45","2016-09-16T14:17:15.000Z","","",""
"1","514","47.684801","13.079979","697.0","79.0","6","1.59","2016-09-16T14:17:16.000Z","","",""
"1","515","47.684759","13.080097","696.0","79.0","5","1.03","2016-09-16T14:17:24.000Z","","",""
"1","516","47.684753","13.080102","696.0","107.0","5","1.03","2016-09-16T14:17:25.000Z","","",""
"1","517","47.684726","13.080227","694.0","102.0","3.9","1.18","2016-09-16T14:17:33.000Z","","",""
"1","518","47.684721","13.080242","694.0","102.0","3.9","1.06","2016-09-16T14:17:34.000Z","","",""
"1","519","47.684686","13.080346","694.0","","3.9","0","2016-09-16T14:17:46.000Z","","",""
"1","520","47.684685","13.080364","694.0","103.0","3.9","1.06","2016-09-16T14:17:47.000Z","","",""
"1","521","47.684685","13.080469","691.0","103.0","3.9","0.59","2016-09-16T14:17:59.000Z","","",""
"1","522","47.684683","13.0805","690.0","98.0","3.9","0.92","2016-09-16T14:18:00.000Z","","",""
"1","523","47.684661","13.080614","689.0","138.0","4","0.97","2016-09-16T14:18:46.000Z","","",""
"1","524","47.684654","13.080628","689.0","138.0","4","1.03","2016-09-16T14:18:47.000Z","","",""
"1","525","47.684599","13.08073","689.0","137.0","6","0.98","2016-09-16T14:19:07.000Z","","",""
"1","526","47.684588","13.08074","690.0","137.0","6","0.62","2016-09-16T14:19:08.000Z","","",""
"1","527","47.68454","13.080847","691.0","138.0","5","1.1","2016-09-16T14:19:18.000Z","","",""
"1","528","47.684538","13.080852","692.0","134.0","5","1.07","2016-09-16T14:19:19.000Z","","",""
"1","529","47.684509","13.080972","686.0","66.0","4","0.59","2016-09-16T14:19:28.000Z","","",""
"1","530","47.684499","13.080976","687.0","66.0","4","0.96","2016-09-16T14:19:29.000Z","","",""
"1","531","47.684457","13.081076","688.0","126.0","5","1.58","2016-09-16T14:19:37.000Z","","",""
"1","532","47.684447","13.081088","687.0","126.0","5","1.42","2016-09-16T14:19:38.000Z","","",""
"1","533","47.684388","13.081164","690.0","142.0","7","1.13","2016-09-16T14:19:46.000Z","","",""
"1","534","47.684389","13.08119","690.0","142.0","7","1.25","2016-09-16T14:19:47.000Z","","",""
"1","535","47.68434","13.081294","689.0","123.0","7","1.42","2016-09-16T14:19:53.000Z","","",""
"1","536","47.684339","13.081308","690.0","120.0","7","1.38","2016-09-16T14:19:54.000Z","","",""
"1","537","47.684314","13.081426","688.0","116.0","7","1.09","2016-09-16T14:20:00.000Z","","",""
"1","538","47.684306","13.081466","687.0","122.0","8","1.46","2016-09-16T14:20:01.000Z","","",""
"1","539","47.68425","13.081566","687.0","105.0","7","0.58","2016-09-16T14:20:13.000Z","","",""
"1","540","47.684242","13.08157","687.0","114.0","7","0.66","2016-09-16T14:20:14.000Z","","",""
"1","541","47.684201","13.081652","687.0","89.0","6","1.13","2016-09-16T14:20:20.000Z","","",""
"1","542","47.684191","13.081697","687.0","113.0","5","1.89","2016-09-16T14:20:21.000Z","","",""
"1","543","47.684112","13.081724","690.0","139.0","10","1.09","2016-09-16T14:20:28.000Z","","",""
"1","544","47.684103","13.081743","690.0","138.0","10","1.04","2016-09-16T14:20:29.000Z","","",""
"1","545","47.684097","13.081839","688.0","84.0","10","0.96","2016-09-16T14:20:33.000Z","","",""
"1","546","47.684108","13.081888","687.0","89.0","11","1.45","2016-09-16T14:20:34.000Z","","",""
"1","547","47.684064","13.081999","686.0","155.0","12","1.07","2016-09-16T14:20:40.000Z","","",""
"1","548","47.684068","13.082044","685.0","98.0","11","1.3","2016-09-16T14:20:41.000Z","","",""
"1","549","47.68399","13.082106","688.0","170.0","10","1.07","2016-09-16T14:20:48.000Z","","",""
"1","550","47.683979","13.082113","689.0","168.0","10","0.99","2016-09-16T14:20:49.000Z","","",""
"1","551","47.683907","13.082141","690.0","136.0","10","0.61","2016-09-16T14:20:56.000Z","","",""
"1","552","47.683884","13.082157","689.0","138.0","10","1.01","2016-09-16T14:20:57.000Z","","",""
"1","553","47.683831","13.082258","682.0","122.0","10","1.18","2016-09-16T14:21:05.000Z","","",""
"1","554","47.683814","13.082251","683.0","177.0","10","1.28","2016-09-16T14:21:06.000Z","","",""
"1","555","47.683763","13.082324","679.0","128.0","10","0.87","2016-09-16T14:21:11.000Z","","",""
"1","556","47.683757","13.082365","677.0","127.0","10","1.19","2016-09-16T14:21:12.000Z","","",""
"1","557","47.683716","13.08246","675.0","125.0","10","1.33","2016-09-16T14:21:17.000Z","","",""
"1","558","47.683705","13.082474","676.0","125.0","10","0.96","2016-09-16T14:21:18.000Z","","",""
"1","559","47.683644","13.082563","674.0","141.0","10","1.06","2016-09-16T14:21:26.000Z","","",""
"1","560","47.683626","13.082597","675.0","136.0","10","1.17","2016-09-16T14:21:27.000Z","","",""
"1","561","47.683602","13.082723","670.0","128.0","10","1.48","2016-09-16T14:21:34.000Z","","",""
"1","562","47.683589","13.082735","669.0","128.0","10","1.44","2016-09-16T14:21:35.000Z","","",""
"1","563","47.683529","13.082814","667.0","136.0","5","1.35","2016-09-16T14:21:41.000Z","","",""
"1","564","47.683516","13.08282","667.0","136.0","5","1.35","2016-09-16T14:21:42.000Z","","",""
"1","565","47.683453","13.08289","667.0","138.0","4","1.16","2016-09-16T14:21:50.000Z","","",""
"1","566","47.683443","13.082903","667.0","138.0","4","1.2","2016-09-16T14:21:51.000Z","","",""
"1","567","47.683383","13.082997","666.0","133.0","8","1.21","2016-09-16T14:22:01.000Z","","",""
"1","568","47.683375","13.08301","666.0","136.0","8","1.41","2016-09-16T14:22:02.000Z","","",""
"1","569","47.683301","13.083026","665.0","150.0","7","1.11","2016-09-16T14:22:07.000Z","","",""
"1","570","47.683278","13.083032","665.0","150.0","8","1.58","2016-09-16T14:22:08.000Z","","",""
"1","571","47.683201","13.083099","664.0","136.0","7","1.18","2016-09-16T14:22:15.000Z","","",""
"1","572","47.683184","13.083103","664.0","164.0","7","1.37","2016-09-16T14:22:16.000Z","","",""
"1","573","47.68314","13.083194","663.0","146.0","8","0.8","2016-09-16T14:22:25.000Z","","",""
"1","574","47.683129","13.083227","661.0","121.0","7","1.13","2016-09-16T14:22:26.000Z","","",""
"1","575","47.683067","13.083306","658.0","130.0","6","1.16","2016-09-16T14:22:31.000Z","","",""
"1","576","47.683061","13.083325","657.0","130.0","6","1.4","2016-09-16T14:22:32.000Z","","",""
"1","577","47.682986","13.083343","660.0","161.0","7","1.14","2016-09-16T14:22:40.000Z","","",""
"1","578","47.682966","13.08335","660.0","161.0","8","1.42","2016-09-16T14:22:41.000Z","","",""
"1","579","47.682886","13.083395","662.0","141.0","13","1.12","2016-09-16T14:22:51.000Z","","",""
"1","580","47.682857","13.08341","661.0","150.0","13","1.8","2016-09-16T14:22:52.000Z","","",""
"1","581","47.682816","13.083513","659.0","156.0","11","0.85","2016-09-16T14:22:59.000Z","","",""
"1","582","47.682823","13.083545","658.0","131.0","11","0.85","2016-09-16T14:23:00.000Z","","",""
"1","583","47.682742","13.083569","658.0","156.0","11","1.15","2016-09-16T14:23:06.000Z","","",""
"1","584","47.682727","13.083562","658.0","122.0","10","0.64","2016-09-16T14:23:07.000Z","","",""
"1","585","47.682696","13.083685","651.0","136.0","11","0.78","2016-09-16T14:23:12.000Z","","",""
"1","586","47.682686","13.083685","651.0","134.0","11","0.86","2016-09-16T14:23:13.000Z","","",""
"1","587","47.68262","13.083731","656.0","169.0","11","0.83","2016-09-16T14:23:27.000Z","","",""
"1","588","47.682605","13.083758","655.0","151.0","12","1.05","2016-09-16T14:23:28.000Z","","",""
"1","589","47.682537","13.083833","656.0","150.0","11","0.6","2016-09-16T14:23:40.000Z","","",""
"1","590","47.682519","13.083813","656.0","169.0","11","0.24","2016-09-16T14:23:41.000Z","","",""
"1","591","47.682447","13.083747","659.0","164.0","11","0.71","2016-09-16T14:23:46.000Z","","",""
"1","592","47.682427","13.083752","659.0","168.0","11","0.68","2016-09-16T14:23:47.000Z","","",""
"1","593","47.682357","13.083766","662.0","157.0","10","0.71","2016-09-16T14:23:53.000Z","","",""
"1","594","47.682333","13.083758","662.0","146.0","10","1.13","2016-09-16T14:23:54.000Z","","",""
"1","595","47.682256","13.083789","663.0","123.0","11","0.94","2016-09-16T14:24:00.000Z","","",""
"1","596","47.682251","13.083816","665.0","119.0","11","1.13","2016-09-16T14:24:01.000Z","","",""
"1","597","47.682221","13.083938","663.0","113.0","11","1.47","2016-09-16T14:24:06.000Z","","",""
"1","598","47.682214","13.083967","661.0","113.0","11","1.44","2016-09-16T14:24:07.000Z","","",""
"1","599","47.68214","13.083996","659.0","152.0","10","0.84","2016-09-16T14:24:16.000Z","","",""
"1","600","47.682127","13.084012","659.0","156.0","10","1.08","2016-09-16T14:24:17.000Z","","",""
"1","601","47.682055","13.084044","653.0","137.0","12","1.15","2016-09-16T14:24:22.000Z","","",""
"1","602","47.682039","13.084042","652.0","137.0","12","0.87","2016-09-16T14:24:23.000Z","","",""
"1","603","47.681981","13.084126","649.0","156.0","11","1.49","2016-09-16T14:24:30.000Z","","",""
"1","604","47.681972","13.084144","648.0","152.0","11","1.61","2016-09-16T14:24:31.000Z","","",""
"1","605","47.681903","13.084211","643.0","141.0","11","0.98","2016-09-16T14:24:39.000Z","","",""
"1","606","47.681895","13.084235","644.0","125.0","11","1.08","2016-09-16T14:24:40.000Z","","",""
"1","607","47.681808","13.084259","646.0","155.0","11","1.24","2016-09-16T14:24:48.000Z","","",""
"1","608","47.681809","13.084282","645.0","109.0","11","1.13","2016-09-16T14:24:49.000Z","","",""
"1","609","47.681742","13.084361","641.0","142.0","7","0.66","2016-09-16T14:24:57.000Z","","",""
"1","610","47.681738","13.084371","640.0","124.0","7","0.57","2016-09-16T14:24:58.000Z","","",""
"1","611","47.681679","13.084435","642.0","189.0","9","0.46","2016-09-16T14:25:07.000Z","","",""
"1","612","47.681668","13.084476","640.0","137.0","7","1.27","2016-09-16T14:25:08.000Z","","",""
"1","613","47.681592","13.084523","641.0","138.0","6","1.07","2016-09-16T14:25:16.000Z","","",""
"1","614","47.68159","13.084547","640.0","138.0","6","1.06","2016-09-16T14:25:17.000Z","","",""
"1","615","47.681542","13.084622","638.0","138.0","6","0.73","2016-09-16T14:25:23.000Z","","",""
"1","616","47.681523","13.084638","638.0","165.0","7","0.87","2016-09-16T14:25:24.000Z","","",""
"1","617","47.681465","13.084736","636.0","117.0","6","0.76","2016-09-16T14:25:31.000Z","","",""
"1","618","47.681462","13.084736","636.0","102.0","7","0.74","2016-09-16T14:25:32.000Z","","",""
"1","619","47.681422","13.084847","636.0","86.0","6","1.01","2016-09-16T14:25:57.000Z","","",""
"1","620","47.681407","13.084853","636.0","117.0","6","0.65","2016-09-16T14:25:58.000Z","","",""
"1","621","47.681381","13.084961","638.0","94.0","11","1.34","2016-09-16T14:26:06.000Z","","",""
"1","622","47.681376","13.08499","637.0","96.0","11","1.22","2016-09-16T14:26:07.000Z","","",""
"1","623","47.681331","13.08509","632.0","177.0","11","0.79","2016-09-16T14:26:12.000Z","","",""
"1","624","47.681324","13.085107","631.0","160.0","11","0.63","2016-09-16T14:26:13.000Z","","",""
"1","625","47.681342","13.085168","635.0","69.0","10","0.44","2016-09-16T14:26:19.000Z","","",""
"1","626","47.681341","13.085165","636.0","91.0","11","0.21","2016-09-16T14:26:20.000Z","","",""
"1","627","47.681341","13.085185","635.0","45.0","11","0.23","2016-09-16T14:26:21.000Z","","",""
"1","628","47.681341","13.085169","637.0","76.0","11","0.28","2016-09-16T14:26:23.000Z","","",""
"1","629","47.681338","13.085168","637.0","118.0","11","0.22","2016-09-16T14:26:24.000Z","","",""
"1","630","47.681335","13.085188","637.0","103.0","12","0.43","2016-09-16T14:26:25.000Z","","",""
"1","631","47.681353","13.085299","634.0","98.0","12","0.58","2016-09-16T14:26:30.000Z","","",""
"1","632","47.681345","13.085362","632.0","94.0","13","1.21","2016-09-16T14:26:31.000Z","","",""
"1","633","47.681366","13.08539","631.0","129.0","12","0.33","2016-09-16T14:26:37.000Z","","",""
"1","634","47.681389","13.085431","629.0","116.0","13","0.16","2016-09-16T14:26:38.000Z","","",""
"1","635","47.68138","13.085435","629.0","153.0","13","0.17","2016-09-16T14:26:39.000Z","","",""
"1","636","47.681388","13.085466","628.0","85.0","13","0.52","2016-09-16T14:26:40.000Z","","",""
"1","637","47.681418","13.08547","628.0","156.0","11","0.36","2016-09-16T14:28:50.000Z","","",""
"1","638","47.681407","13.08547","628.0","133.0","11","0.19","2016-09-16T14:28:51.000Z","","",""
"1","639","47.681405","13.085502","630.0","","12","0","2016-09-16T14:29:15.000Z","","",""
"1","640","47.681414","13.085503","632.0","78.0","12","0.79","2016-09-16T14:29:16.000Z","","",""
"1","641","47.681369","13.085615","634.0","","13","0","2016-09-16T14:29:24.000Z","","",""
"1","642","47.681365","13.085638","632.0","","13","0","2016-09-16T14:29:25.000Z","","",""
"1","643","47.681336","13.085686","634.0","","12","0","2016-09-16T14:29:53.000Z","","",""
"1","644","47.681268","13.085853","629.0","122.0","12","2.68","2016-09-16T14:29:54.000Z","","",""
"1","645","47.681208","13.085974","625.0","126.0","13","3.49","2016-09-16T14:29:55.000Z","","",""
"1","646","47.681259","13.085973","622.0","113.0","14","2.69","2016-09-16T14:29:56.000Z","","",""
"1","647","47.681264","13.086106","620.0","106.0","14","3.32","2016-09-16T14:29:57.000Z","","",""
"1","648","47.681191","13.086116","625.0","167.0","13","0.77","2016-09-16T14:30:03.000Z","","",""
"1","649","47.681142","13.086167","623.0","143.0","12","0.93","2016-09-16T14:30:04.000Z","","",""
"1","650","47.6812","13.086185","626.0","77.0","12","0.9","2016-09-16T14:30:07.000Z","","",""
"1","651","47.681254","13.086155","623.0","358.0","12","1.49","2016-09-16T14:30:08.000Z","","",""
"1","652","47.681209","13.086267","628.0","","10","0","2016-09-16T14:30:34.000Z","","",""
"1","653","47.681203","13.086296","627.0","85.0","10","0.9","2016-09-16T14:30:35.000Z","","",""
"1","654","47.681194","13.086399","626.0","85.0","10","1.05","2016-09-16T14:30:38.000Z","","",""
"1","655","47.681197","13.086482","627.0","84.0","11","1.21","2016-09-16T14:30:39.000Z","","",""
"1","656","47.681218","13.08661","627.0","94.0","11","1.44","2016-09-16T14:30:48.000Z","","",""
"1","657","47.681215","13.086625","626.0","91.0","12","1.42","2016-09-16T14:30:49.000Z","","",""
"1","658","47.681184","13.086739","619.0","","12","0","2016-09-16T14:31:07.000Z","","",""
"1","659","47.681149","13.086859","619.0","108.0","12","2.11","2016-09-16T14:31:08.000Z","","",""
"1","660","47.681149","13.086928","612.0","114.0","12","1.62","2016-09-16T14:31:09.000Z","","",""
"1","661","47.681124","13.086988","611.0","109.0","11","1.32","2016-09-16T14:31:10.000Z","","",""
"1","662","47.681069","13.087058","609.0","122.0","11","1.35","2016-09-16T14:31:13.000Z","","",""
"1","663","47.681064","13.087091","610.0","122.0","11","1.26","2016-09-16T14:31:14.000Z","","",""
"1","664","47.681063","13.087166","606.0","121.0","11","1.3","2016-09-16T14:31:17.000Z","","",""
"1","665","47.68105","13.087245","601.0","114.0","12","1.99","2016-09-16T14:31:18.000Z","","",""
"1","666","47.681025","13.087366","598.0","150.0","11","1.01","2016-09-16T14:31:26.000Z","","",""
"1","667","47.681025","13.08738","597.0","129.0","11","1.08","2016-09-16T14:31:27.000Z","","",""
"1","668","47.680971","13.087457","594.0","130.0","10","0.67","2016-09-16T14:31:40.000Z","","",""
"1","669","47.680953","13.087462","595.0","130.0","10","0.9","2016-09-16T14:31:41.000Z","","",""
"1","670","47.68094","13.087593","589.0","123.0","9","1.03","2016-09-16T14:31:47.000Z","","",""
"1","671","47.680945","13.087616","589.0","123.0","9","1.03","2016-09-16T14:31:48.000Z","","",""
"1","672","47.680926","13.087735","583.0","79.0","9","1.15","2016-09-16T14:31:57.000Z","","",""
"1","673","47.68093","13.087754","582.0","79.0","10","1.06","2016-09-16T14:31:58.000Z","","",""
"1","674","47.680971","13.087866","585.0","35.0","4","1.17","2016-09-16T14:32:05.000Z","","",""
"1","675","47.680975","13.08788","585.0","58.0","4","1.14","2016-09-16T14:32:06.000Z","","",""
"1","676","47.68097","13.087999","586.0","","3.9","0","2016-09-16T14:32:22.000Z","","",""
"1","677","47.680977","13.088023","585.0","57.0","3.9","1.18","2016-09-16T14:32:23.000Z","","",""
"1","678","47.680983","13.088152","585.0","106.0","5","1.33","2016-09-16T14:32:32.000Z","","",""
"1","679","47.680983","13.088171","584.0","106.0","6","1.25","2016-09-16T14:32:33.000Z","","",""
"1","680","47.680967","13.088295","585.0","88.0","5","1.11","2016-09-16T14:32:41.000Z","","",""
"1","681","47.680976","13.088322","583.0","88.0","5","1.36","2016-09-16T14:32:42.000Z","","",""
"1","682","47.680967","13.088454","580.0","89.0","6","1.33","2016-09-16T14:32:53.000Z","","",""
"1","683","47.680963","13.088469","581.0","94.0","6","1.29","2016-09-16T14:32:54.000Z","","",""
"1","684","47.680963","13.088592","577.0","","7","0","2016-09-16T14:33:02.000Z","","",""
"1","685","47.680968","13.088609","575.0","","6","0","2016-09-16T14:33:03.000Z","","",""
"1","686","47.680969","13.088718","567.0","","5","0","2016-09-16T14:33:12.000Z","","",""
"1","687","47.680962","13.088747","566.0","97.0","5","1.46","2016-09-16T14:33:13.000Z","","",""
"1","688","47.680954","13.088871","563.0","102.0","4","1.28","2016-09-16T14:33:18.000Z","","",""
"1","689","47.680947","13.088896","563.0","106.0","4","1.22","2016-09-16T14:33:19.000Z","","",""
"1","690","47.680925","13.089021","564.0","106.0","5","1.37","2016-09-16T14:33:25.000Z","","",""
"1","691","47.680925","13.089048","564.0","106.0","4","1.39","2016-09-16T14:33:26.000Z","","",""
"1","692","47.680892","13.089169","566.0","99.0","4","1.04","2016-09-16T14:33:34.000Z","","",""
"1","693","47.680895","13.089197","565.0","90.0","4","1.19","2016-09-16T14:33:35.000Z","","",""
"1","694","47.680886","13.089315","566.0","75.0","4","0.99","2016-09-16T14:33:48.000Z","","",""
"1","695","47.68089","13.089333","566.0","67.0","4","1.11","2016-09-16T14:33:49.000Z","","",""
"1","696","47.680901","13.089446","565.0","87.0","4","1.21","2016-09-16T14:33:56.000Z","","",""
"1","697","47.680896","13.089468","564.0","87.0","5","1.31","2016-09-16T14:33:57.000Z","","",""
"1","698","47.680934","13.089579","564.0","56.0","18","1.11","2016-09-16T14:34:03.000Z","","",""
"1","699","47.680951","13.089605","564.0","53.0","21","1.47","2016-09-16T14:34:04.000Z","","",""
"1","700","47.681","13.089614","565.0","36.0","21","2.02","2016-09-16T14:34:05.000Z","","",""
"1","701","47.681056","13.08958","565.0","14.0","22","2.3","2016-09-16T14:34:06.000Z","","",""
"1","702","47.681053","13.089701","566.0","49.0","18","1.67","2016-09-16T14:34:11.000Z","","",""
"1","703","47.680963","13.089692","565.0","93.0","15","1.03","2016-09-16T14:34:12.000Z","","",""
"1","704","47.680937","13.089684","564.0","132.0","13","0.72","2016-09-16T14:34:13.000Z","","",""
"1","705","47.680869","13.089806","564.0","123.0","10","0.93","2016-09-16T14:34:14.000Z","","",""
"1","706","47.680804","13.089879","559.0","119.0","4","0.4","2016-09-16T14:34:26.000Z","","",""
"1","707","47.680795","13.089884","560.0","","4","0","2016-09-16T14:34:27.000Z","","",""
"1","708","47.680768","13.09001","570.0","91.0","5","0.75","2016-09-16T14:34:37.000Z","","",""
"1","709","47.680773","13.09003","569.0","88.0","5","0.96","2016-09-16T14:34:38.000Z","","",""
"1","710","47.680772","13.090125","568.0","119.0","5","0.37","2016-09-16T14:34:44.000Z","","",""
"1","711","47.680783","13.090114","569.0","119.0","5","0.2","2016-09-16T14:34:45.000Z","","",""
"1","712","47.680767","13.090157","568.0","114.0","5","1.01","2016-09-16T14:34:46.000Z","","",""
"1","713","47.680749","13.090281","567.0","76.0","5","0.65","2016-09-16T14:34:54.000Z","","",""
"1","714","47.680746","13.090291","567.0","58.0","5","0.62","2016-09-16T14:34:55.000Z","","",""
"1","715","47.680769","13.090407","568.0","26.0","4","0.93","2016-09-16T14:35:06.000Z","","",""
"1","716","47.680771","13.090426","568.0","68.0","4","0.65","2016-09-16T14:35:07.000Z","","",""
"1","717","47.680818","13.09052","570.0","52.0","5","0.84","2016-09-16T14:35:15.000Z","","",""
"1","718","47.680819","13.090549","571.0","39.0","5","0.95","2016-09-16T14:35:16.000Z","","",""
"1","719","47.68088","13.090645","568.0","34.0","5","1.05","2016-09-16T14:35:26.000Z","","",""
"1","720","47.680877","13.090658","569.0","68.0","10","0.48","2016-09-16T14:35:27.000Z","","",""
"1","721","47.680938","13.090729","570.0","38.0","11","1.02","2016-09-16T14:35:38.000Z","","",""
"1","722","47.680953","13.090731","571.0","23.0","11","1.42","2016-09-16T14:35:39.000Z","","",""
"1","723","47.68103","13.09077","568.0","41.0","11","1.35","2016-09-16T14:35:42.000Z","","",""
"1","724","47.681044","13.090757","568.0","38.0","11","0.73","2016-09-16T14:35:43.000Z","","",""
"1","725","47.681112","13.090819","562.0","32.0","10","0.76","2016-09-16T14:35:54.000Z","","",""
"1","726","47.681132","13.090808","562.0","15.0","10","0.81","2016-09-16T14:35:55.000Z","","",""
"1","727","47.681198","13.090889","559.0","6.0","11","0.74","2016-09-16T14:36:10.000Z","","",""
"1","728","47.681211","13.09089","558.0","352.0","11","0.69","2016-09-16T14:36:11.000Z","","",""
"1","729","47.681287","13.090873","556.0","318.0","11","0.8","2016-09-16T14:36:18.000Z","","",""
"1","730","47.681301","13.090879","556.0","324.0","11","0.72","2016-09-16T14:36:19.000Z","","",""
"1","731","47.681372","13.090911","551.0","23.0","11","0.66","2016-09-16T14:36:27.000Z","","",""
"1","732","47.681395","13.090905","552.0","346.0","11","0.81","2016-09-16T14:36:28.000Z","","",""
"1","733","47.681475","13.090926","552.0","1.0","10","0.95","2016-09-16T14:36:36.000Z","","",""
"1","734","47.68149","13.090915","552.0","353.0","11","0.8","2016-09-16T14:36:37.000Z","","",""
"1","735","47.681576","13.090902","548.0","353.0","10","0.89","2016-09-16T14:36:42.000Z","","",""
"1","736","47.681591","13.090897","546.0","15.0","10","0.76","2016-09-16T14:36:43.000Z","","",""
"1","737","47.681673","13.090933","546.0","18.0","11","0.64","2016-09-16T14:36:58.000Z","","",""
"1","738","47.681692","13.090915","546.0","2.0","11","1.09","2016-09-16T14:36:59.000Z","","",""
"1","739","47.681764","13.090855","545.0","345.0","11","1.1","2016-09-16T14:37:05.000Z","","",""
"1","740","47.681774","13.09086","545.0","350.0","11","1.02","2016-09-16T14:37:06.000Z","","",""
"1","741","47.681847","13.090859","545.0","22.0","11","0.75","2016-09-16T14:37:14.000Z","","",""
"1","742","47.681875","13.090824","544.0","348.0","11","0.78","2016-09-16T14:37:15.000Z","","",""
"1","743","47.681959","13.090817","543.0","344.0","10","0.95","2016-09-16T14:37:26.000Z","","",""
"1","744","47.681975","13.090809","542.0","354.0","10","1.09","2016-09-16T14:37:27.000Z","","",""
"1","745","47.68201","13.090695","541.0","201.0","11","0.24","2016-09-16T14:37:44.000Z","","",""
"1","746","47.682013","13.090686","540.0","169.0","11","0.41","2016-09-16T14:37:45.000Z","","",""
"1","747","47.681983","13.090796","542.0","142.0","12","0.57","2016-09-16T14:37:51.000Z","","",""
"1","748","47.681975","13.090818","542.0","137.0","13","0.68","2016-09-16T14:37:52.000Z","","",""
"1","749","47.681949","13.090941","539.0","155.0","13","0.85","2016-09-16T14:38:08.000Z","","",""
"1","750","47.681892","13.090953","538.0","179.0","13","1.49","2016-09-16T14:38:09.000Z","","",""
"1","751","47.681859","13.090976","534.0","168.0","13","1.28","2016-09-16T14:38:12.000Z","","",""
"1","752","47.681903","13.090949","532.0","144.0","12","0.17","2016-09-16T14:38:13.000Z","","",""
"1","753","47.681901","13.090946","532.0","","12","0","2016-09-16T14:38:14.000Z","","",""
"1","754","47.681867","13.090957","529.0","162.0","12","0.52","2016-09-16T14:38:15.000Z","","",""
"1","755","47.681826","13.091042","534.0","171.0","11","0.72","2016-09-16T14:38:34.000Z","","",""
"1","756","47.681766","13.091061","532.0","151.0","11","1.07","2016-09-16T14:38:35.000Z","","",""
"1","757","47.681684","13.091067","532.0","153.0","11","0.79","2016-09-16T14:38:39.000Z","","",""
"1","758","47.681636","13.091109","531.0","146.0","11","1.45","2016-09-16T14:38:40.000Z","","",""
"1","759","47.681564","13.091176","533.0","154.0","11","1.11","2016-09-16T14:38:46.000Z","","",""
"1","760","47.681557","13.091185","532.0","159.0","11","1.04","2016-09-16T14:38:47.000Z","","",""
"1","761","47.681473","13.091233","529.0","160.0","11","0.97","2016-09-16T14:38:55.000Z","","",""
"1","762","47.681447","13.091246","528.0","160.0","12","1.13","2016-09-16T14:38:56.000Z","","",""
"1","763","47.681424","13.091286","532.0","161.0","12","1.14","2016-09-16T14:39:01.000Z","","",""
"1","764","47.681373","13.091336","531.0","149.0","12","2.09","2016-09-16T14:39:02.000Z","","",""
"1","765","47.681295","13.091353","527.0","166.0","11","1.55","2016-09-16T14:39:06.000Z","","",""
"1","766","47.681279","13.091355","528.0","184.0","10","1.27","2016-09-16T14:39:07.000Z","","",""
"1","767","47.681195","13.091344","522.0","209.0","11","1.27","2016-09-16T14:39:14.000Z","","",""
"1","768","47.681187","13.09134","522.0","205.0","10","0.65","2016-09-16T14:39:15.000Z","","",""
"1","769","47.681098","13.091351","522.0","169.0","10","1.03","2016-09-16T14:39:23.000Z","","",""
"1","770","47.68107","13.091366","522.0","165.0","10","1.54","2016-09-16T14:39:24.000Z","","",""
"1","771","47.681014","13.091332","522.0","193.0","12","0.83","2016-09-16T14:39:36.000Z","","",""
"1","772","47.680976","13.091355","524.0","177.0","13","1.29","2016-09-16T14:39:37.000Z","","",""
"1","773","47.68094","13.091455","525.0","143.0","10","1.24","2016-09-16T14:39:57.000Z","","",""
"1","774","47.680909","13.091493","524.0","136.0","10","2.09","2016-09-16T14:39:58.000Z","","",""
"1","775","47.680842","13.091532","525.0","181.0","12","1.66","2016-09-16T14:40:03.000Z","","",""
"1","776","47.680825","13.091542","524.0","181.0","13","1.68","2016-09-16T14:40:04.000Z","","",""
"1","777","47.680804","13.091582","524.0","176.0","12","1.96","2016-09-16T14:40:07.000Z","","",""
"1","778","47.680761","13.091641","525.0","166.0","12","2.17","2016-09-16T14:40:08.000Z","","",""
"1","779","47.680767","13.091762","518.0","88.0","10","1.05","2016-09-16T14:40:26.000Z","","",""
"1","780","47.680777","13.091787","516.0","74.0","10","1.08","2016-09-16T14:40:27.000Z","","",""
"1","781","47.68079","13.091897","521.0","48.0","10","0.42","2016-09-16T14:40:39.000Z","","",""
"1","782","47.680781","13.091923","522.0","86.0","10","0.68","2016-09-16T14:40:40.000Z","","",""
"1","783","47.680793","13.09204","522.0","50.0","9","0.8","2016-09-16T14:40:49.000Z","","",""
"1","784","47.680801","13.092053","523.0","58.0","9","1.01","2016-09-16T14:40:50.000Z","","",""
"1","785","47.68084","13.092163","525.0","54.0","9","0.84","2016-09-16T14:40:59.000Z","","",""
"1","786","47.680849","13.092174","525.0","37.0","9","0.98","2016-09-16T14:41:00.000Z","","",""
"1","787","47.680879","13.092292","526.0","71.0","10","0.5","2016-09-16T14:41:09.000Z","","",""
"1","788","47.680883","13.092306","527.0","49.0","10","0.82","2016-09-16T14:41:10.000Z","","",""
"1","789","47.680967","13.092339","529.0","323.0","13","0.3","2016-09-16T14:41:23.000Z","","",""
"1","790","47.680975","13.092382","528.0","38.0","13","0.59","2016-09-16T14:41:24.000Z","","",""
"1","791","47.681018","13.092489","532.0","48.0","16","1.13","2016-09-16T14:41:36.000Z","","",""
"1","792","47.681043","13.09251","532.0","38.0","17","1.28","2016-09-16T14:41:37.000Z","","",""
"1","793","47.681071","13.092618","530.0","60.0","21","1.17","2016-09-16T14:41:41.000Z","","",""
"1","794","47.681069","13.092677","530.0","73.0","19","1.53","2016-09-16T14:41:42.000Z","","",""
"1","795","47.681137","13.092658","529.0","9.0","16","1.64","2016-09-16T14:41:44.000Z","","",""
"1","796","47.681173","13.092624","528.0","351.0","14","1.67","2016-09-16T14:41:45.000Z","","",""
"1","797","47.681256","13.092615","523.0","359.0","12","0.97","2016-09-16T14:41:51.000Z","","",""
"1","798","47.681264","13.092616","523.0","342.0","11","0.45","2016-09-16T14:41:52.000Z","","",""
"1","799","47.681336","13.092659","516.0","324.0","11","1.26","2016-09-16T14:42:01.000Z","","",""
"1","800","47.681366","13.092597","517.0","312.0","11","2.23","2016-09-16T14:42:02.000Z","","",""
"1","801","47.68137","13.092697","517.0","12.0","11","1.18","2016-09-16T14:42:04.000Z","","",""
"1","802","47.681363","13.092785","519.0","30.0","11","1.03","2016-09-16T14:42:05.000Z","","",""
"1","803","47.6814","13.092868","517.0","1.0","10","0.33","2016-09-16T14:42:11.000Z","","",""
"1","804","47.681417","13.092895","517.0","25.0","10","1.2","2016-09-16T14:42:12.000Z","","",""
"1","805","47.681453","13.093011","514.0","58.0","4","0.75","2016-09-16T14:42:26.000Z","","",""
"1","806","47.681456","13.093017","514.0","105.0","3.9","0.31","2016-09-16T14:42:27.000Z","","",""
"1","807","47.681502","13.093123","516.0","61.0","6","1","2016-09-16T14:42:32.000Z","","",""
"1","808","47.681511","13.093169","515.0","69.0","6","1.14","2016-09-16T14:42:33.000Z","","",""
"1","809","47.681527","13.093183","513.0","53.0","8","0.49","2016-09-16T14:42:35.000Z","","",""
"1","810","47.681531","13.093184","514.0","358.0","8","0.19","2016-09-16T14:42:36.000Z","","",""
"1","811","47.681529","13.093223","515.0","60.0","8","0.61","2016-09-16T14:42:37.000Z","","",""
"1","812","47.681596","13.093309","514.0","83.0","8","0.63","2016-09-16T14:42:47.000Z","","",""
"1","813","47.681599","13.093332","514.0","75.0","9","0.55","2016-09-16T14:42:48.000Z","","",""
"1","814","47.681639","13.093436","513.0","64.0","8","0.59","2016-09-16T14:42:55.000Z","","",""
"1","815","47.681647","13.093445","514.0","90.0","7","0.62","2016-09-16T14:42:56.000Z","","",""
"1","816","47.681689","13.093561","515.0","52.0","4","0.64","2016-09-16T14:43:08.000Z","","",""
"1","817","47.681703","13.093581","514.0","74.0","4","1.13","2016-09-16T14:43:09.000Z","","",""
"1","818","47.681763","13.093668","514.0","24.0","10","1.07","2016-09-16T14:43:17.000Z","","",""
"1","819","47.68177","13.093711","512.0","67.0","10","1.15","2016-09-16T14:43:18.000Z","","",""
"1","820","47.681805","13.093833","511.0","63.0","10","0.76","2016-09-16T14:43:28.000Z","","",""
"1","821","47.681811","13.09385","512.0","46.0","10","0.95","2016-09-16T14:43:29.000Z","","",""
"1","822","47.681871","13.093937","513.0","33.0","10","0.77","2016-09-16T14:43:37.000Z","","",""
"1","823","47.681881","13.093943","513.0","25.0","10","0.79","2016-09-16T14:43:38.000Z","","",""
"1","824","47.681932","13.094039","514.0","35.0","9","0.55","2016-09-16T14:43:47.000Z","","",""
"1","825","47.68194","13.094047","514.0","28.0","9","0.7","2016-09-16T14:43:48.000Z","","",""
"1","826","47.682","13.094133","517.0","35.0","9","0.79","2016-09-16T14:43:55.000Z","","",""
"1","827","47.682005","13.094149","516.0","40.0","9","0.68","2016-09-16T14:43:56.000Z","","",""
"1","828","47.682043","13.094225","518.0","47.0","10","1.16","2016-09-16T14:44:06.000Z","","",""
"1","829","47.682057","13.09428","518.0","72.0","10","1.45","2016-09-16T14:44:07.000Z","","",""
"1","830","47.682099","13.094181","528.0","284.0","10","0.75","2016-09-16T14:44:22.000Z","","",""
"1","831","47.682111","13.094163","529.0","338.0","9","0.78","2016-09-16T14:44:23.000Z","","",""
"1","832","47.682165","13.094063","528.0","323.0","11","1.47","2016-09-16T14:44:31.000Z","","",""
"1","833","47.682177","13.094023","529.0","317.0","11","1.52","2016-09-16T14:44:32.000Z","","",""
"1","834","47.682195","13.094097","529.0","113.0","13","1.01","2016-09-16T14:44:38.000Z","","",""
"1","835","47.682249","13.094128","528.0","51.0","14","1.5","2016-09-16T14:44:39.000Z","","",""
"1","836","47.682323","13.094089","527.0","9.0","14","1.21","2016-09-16T14:44:44.000Z","","",""
"1","837","47.682376","13.094261","521.0","77.0","12","1.13","2016-09-16T14:44:45.000Z","","",""
"1","838","47.682435","13.09419","515.0","31.0","12","0.72","2016-09-16T14:44:47.000Z","","",""
"1","839","47.682452","13.094159","515.0","349.0","11","0.78","2016-09-16T14:44:48.000Z","","",""
"1","840","47.682531","13.094203","512.0","68.0","12","1.6","2016-09-16T14:44:56.000Z","","",""
"1","841","47.682544","13.094203","513.0","36.0","12","0.69","2016-09-16T14:44:57.000Z","","",""
"1","842","47.682575","13.094136","515.0","306.0","10","0.4","2016-09-16T14:45:03.000Z","","",""
"1","843","47.682575","13.09415","515.0","315.0","10","0.17","2016-09-16T14:45:04.000Z","","",""
"1","844","47.682585","13.09415","516.0","345.0","11","0.34","2016-09-16T14:45:05.000Z","","",""
"1","845","47.68263","13.094041","518.0","311.0","10","1.21","2016-09-16T14:45:09.000Z","","",""
"1","846","47.682631","13.094033","518.0","308.0","10","0.7","2016-09-16T14:45:10.000Z","","",""
"1","847","47.682681","13.093923","517.0","315.0","10","1.33","2016-09-16T14:45:16.000Z","","",""
"1","848","47.682693","13.093906","518.0","312.0","10","1.21","2016-09-16T14:45:17.000Z","","",""
"1","849","47.682769","13.093933","522.0","328.0","10","0.78","2016-09-16T14:45:27.000Z","","",""
"1","850","47.682784","13.093951","521.0","356.0","9","1.01","2016-09-16T14:45:28.000Z","","",""
"1","851","47.68287","13.093925","519.0","316.0","12","0.94","2016-09-16T14:45:39.000Z","","",""
"1","852","47.682868","13.093885","519.0","272.0","12","1.16","2016-09-16T14:45:40.000Z","","",""
"1","853","47.682928","13.093811","519.0","313.0","11","0.63","2016-09-16T14:45:43.000Z","","",""
"1","854","47.682947","13.093799","517.0","346.0","11","0.61","2016-09-16T14:45:44.000Z","","",""
"1","855","47.683022","13.093739","511.0","346.0","10","0.69","2016-09-16T14:46:00.000Z","","",""
"1","856","47.683034","13.093724","513.0","334.0","10","0.82","2016-09-16T14:46:01.000Z","","",""
"1","857","47.683107","13.093688","516.0","334.0","10","0.73","2016-09-16T14:46:10.000Z","","",""
"1","858","47.683128","13.093683","516.0","324.0","10","0.8","2016-09-16T14:46:11.000Z","","",""
"1","859","47.683208","13.093661","516.0","321.0","11","0.92","2016-09-16T14:46:17.000Z","","",""
"1","860","47.683216","13.093638","516.0","301.0","12","1.27","2016-09-16T14:46:18.000Z","","",""
"1","861","47.683252","13.093525","514.0","296.0","12","2.13","2016-09-16T14:46:21.000Z","","",""
"1","862","47.683317","13.093475","512.0","321.0","13","3.32","2016-09-16T14:46:22.000Z","","",""
"1","863","47.683317","13.093475","512.0","321.0","13","3.32","2016-09-16T14:46:23.931Z","","",""
